-- upgrade --
INSERT INTO "user" VALUES ('688bd11b-6eff-4cc2-87aa-52297f4d1c50', 'User 1');
INSERT INTO "user" VALUES ('627429d5-0c88-4ab2-987a-ae41fb91bfb5', 'User 2');
INSERT INTO "user" VALUES ('29422848-3c0a-42d7-8c67-2fd5dd5f15ea', 'User 3');
INSERT INTO "user" VALUES ('b86c1f0f-454b-4bfc-b155-5ce0e02e46c3', 'User 4');
INSERT INTO "user" VALUES ('f37adb71-5876-4c55-bec7-434c70e1c0d7', 'User 5');
INSERT INTO "user" VALUES ('b6b81b2f-db1a-432f-a83c-899ac62af9e1', 'User 6');
INSERT INTO "user" VALUES ('e0b4ef80-8fdd-416c-a880-6ff19bb15bf0', 'User 7');
INSERT INTO "user" VALUES ('1aff96d2-55c7-411f-a993-3e50ae1c999c', 'User 8');
INSERT INTO "user" VALUES ('ad971f7c-b1f2-4704-a679-a5c7648436eb', 'User 9');
INSERT INTO "user" VALUES ('0436febe-f1f0-4356-96e6-c36166df9867', 'User 10');
INSERT INTO "collection" VALUES ('aa4dc852-da08-4da7-a19a-09447b450886', 'Some title 1', '1', 'b6b81b2f-db1a-432f-a83c-899ac62af9e1');
INSERT INTO "collection" VALUES ('dd4e79d3-8a70-4a76-a976-b112c74571ac', 'Some title 2', '2', 'ad971f7c-b1f2-4704-a679-a5c7648436eb');
INSERT INTO "collection" VALUES ('b477563f-6790-4f2b-bcbc-4131c58ed49b', 'Some title 3', '3', 'b86c1f0f-454b-4bfc-b155-5ce0e02e46c3');
INSERT INTO "collection" VALUES ('45b95a8a-b7ae-4f64-8d80-a2b115823483', 'Some title 4', '4', 'ad971f7c-b1f2-4704-a679-a5c7648436eb');
INSERT INTO "collection" VALUES ('a7d4231c-10e2-47dd-a5bc-94284a4571a7', 'Some title 5', '5', 'e0b4ef80-8fdd-416c-a880-6ff19bb15bf0');
INSERT INTO "collection" VALUES ('c4cd2ec7-2f3e-44c5-9825-e7701e9b5e3d', 'Some title 6', '6', 'f37adb71-5876-4c55-bec7-434c70e1c0d7');
INSERT INTO "collection" VALUES ('a4e33feb-ebaa-41cc-be5c-50fa8f0c8c5f', 'Some title 7', '7', '29422848-3c0a-42d7-8c67-2fd5dd5f15ea');
INSERT INTO "collection" VALUES ('5ac9b9eb-6884-42d7-84de-721c564e2ae9', 'Some title 8', '8', 'b86c1f0f-454b-4bfc-b155-5ce0e02e46c3');
INSERT INTO "collection" VALUES ('856a52fc-7ef1-4b15-aa00-45497b5ec561', 'Some title 9', '9', 'b86c1f0f-454b-4bfc-b155-5ce0e02e46c3');
INSERT INTO "collection" VALUES ('f0536ce2-fa02-4b16-8e21-084dceb8f073', 'Some title 10', '10', '1aff96d2-55c7-411f-a993-3e50ae1c999c');
INSERT INTO "collection" VALUES ('509c97dc-2828-4c9a-a45f-5791f4313bb6', 'Some title 11', '11', '29422848-3c0a-42d7-8c67-2fd5dd5f15ea');
INSERT INTO "collection" VALUES ('430d5374-a323-4dc2-b676-65a69de97f47', 'Some title 12', '12', 'e0b4ef80-8fdd-416c-a880-6ff19bb15bf0');
INSERT INTO "collection" VALUES ('88bb4700-0614-42e0-ab82-bbd1f3c213dc', 'Some title 13', '13', 'e0b4ef80-8fdd-416c-a880-6ff19bb15bf0');
INSERT INTO "collection" VALUES ('f75cbc7f-24aa-44e0-8f64-779e3951c369', 'Some title 14', '14', '688bd11b-6eff-4cc2-87aa-52297f4d1c50');
INSERT INTO "collection" VALUES ('6a0288b5-25cf-4652-a788-a091e484d9de', 'Some title 15', '15', 'f37adb71-5876-4c55-bec7-434c70e1c0d7');
INSERT INTO "collection" VALUES ('14db7d31-5703-472d-9ca6-e2342e1e9618', 'Some title 16', '16', 'ad971f7c-b1f2-4704-a679-a5c7648436eb');
INSERT INTO "collection" VALUES ('1673fd5c-1763-4725-80bb-5eb137a4c409', 'Some title 17', '17', 'e0b4ef80-8fdd-416c-a880-6ff19bb15bf0');
INSERT INTO "collection" VALUES ('b9e47ae5-47db-40fe-9d88-9f6bbc239c74', 'Some title 18', '18', '1aff96d2-55c7-411f-a993-3e50ae1c999c');
INSERT INTO "collection" VALUES ('46dd0697-bed2-4fe4-b903-2585fbfec240', 'Some title 19', '19', 'b86c1f0f-454b-4bfc-b155-5ce0e02e46c3');
INSERT INTO "collection" VALUES ('28ba6f83-6f47-40f3-8315-cb97487ca8b2', 'Some title 20', '20', 'ad971f7c-b1f2-4704-a679-a5c7648436eb');
INSERT INTO "collection" VALUES ('0bb21fc6-8044-4810-a2cd-264ace58e88f', 'Some title 21', '21', 'f37adb71-5876-4c55-bec7-434c70e1c0d7');
INSERT INTO "collection" VALUES ('013188d9-7f34-441f-a686-8d97aaf48504', 'Some title 22', '22', '29422848-3c0a-42d7-8c67-2fd5dd5f15ea');
INSERT INTO "collection" VALUES ('8eaa9dca-22bb-4034-abcd-df3d54bea6d1', 'Some title 23', '23', '688bd11b-6eff-4cc2-87aa-52297f4d1c50');
INSERT INTO "collection" VALUES ('2b0ac12d-0392-4998-ba51-32a8ce588534', 'Some title 24', '24', 'ad971f7c-b1f2-4704-a679-a5c7648436eb');
INSERT INTO "collection" VALUES ('51b90ec5-8154-48e8-9e86-dbd879420f3c', 'Some title 25', '25', '29422848-3c0a-42d7-8c67-2fd5dd5f15ea');
INSERT INTO "collection" VALUES ('46497d3c-457b-45ca-ac15-dbb5d42eeea5', 'Some title 26', '26', 'f37adb71-5876-4c55-bec7-434c70e1c0d7');
INSERT INTO "collection" VALUES ('d564de8b-7744-4351-b9ab-1958efe6e185', 'Some title 27', '27', '688bd11b-6eff-4cc2-87aa-52297f4d1c50');
INSERT INTO "collection" VALUES ('bd5b504d-b66f-48fc-ad4c-5bc061a94e02', 'Some title 28', '28', '1aff96d2-55c7-411f-a993-3e50ae1c999c');
INSERT INTO "collection" VALUES ('a31d62b7-82af-4831-9543-adcf27e49ab8', 'Some title 29', '29', 'f37adb71-5876-4c55-bec7-434c70e1c0d7');
INSERT INTO "collection" VALUES ('18e6d58f-eb11-46dd-8352-cee389a62687', 'Some title 30', '30', 'ad971f7c-b1f2-4704-a679-a5c7648436eb');
INSERT INTO "collection" VALUES ('c3f3a202-135b-4cdf-958a-e17a8480c397', 'Some title 31', '31', 'b6b81b2f-db1a-432f-a83c-899ac62af9e1');
INSERT INTO "collection" VALUES ('e8e53abf-23b6-4654-9d65-ad02699d8138', 'Some title 32', '32', '1aff96d2-55c7-411f-a993-3e50ae1c999c');
INSERT INTO "collection" VALUES ('e83fb541-5f2f-4870-baff-92ac161438e4', 'Some title 33', '33', 'b6b81b2f-db1a-432f-a83c-899ac62af9e1');
INSERT INTO "collection" VALUES ('2a28d447-1f4f-4b6d-af63-a3952572ec49', 'Some title 34', '34', '1aff96d2-55c7-411f-a993-3e50ae1c999c');
INSERT INTO "collection" VALUES ('2dc21a3d-c15f-4738-ba5a-5d1235876282', 'Some title 35', '35', '1aff96d2-55c7-411f-a993-3e50ae1c999c');
INSERT INTO "collection" VALUES ('0d5fc354-b3dd-4b8b-8e35-8eb2ced7e9e3', 'Some title 36', '36', 'f37adb71-5876-4c55-bec7-434c70e1c0d7');
INSERT INTO "collection" VALUES ('cc0bf3a8-1412-4b6c-a1fd-67c60f060a80', 'Some title 37', '37', '627429d5-0c88-4ab2-987a-ae41fb91bfb5');
INSERT INTO "collection" VALUES ('740536d5-a7ad-4d3f-a563-e76224df71f7', 'Some title 38', '38', 'f37adb71-5876-4c55-bec7-434c70e1c0d7');
INSERT INTO "collection" VALUES ('8f1ae9da-54fe-4f5e-b397-bbce6e8a1303', 'Some title 39', '39', 'b6b81b2f-db1a-432f-a83c-899ac62af9e1');
INSERT INTO "collection" VALUES ('12df6b48-204c-46bc-8665-74e9a83f597a', 'Some title 40', '40', 'b86c1f0f-454b-4bfc-b155-5ce0e02e46c3');
INSERT INTO "collection" VALUES ('137a0e69-c7c5-41b6-89e5-88b2c9d2273e', 'Some title 41', '41', 'ad971f7c-b1f2-4704-a679-a5c7648436eb');
INSERT INTO "collection" VALUES ('d3b659c3-5e2a-4379-89c3-71d8974245db', 'Some title 42', '42', '0436febe-f1f0-4356-96e6-c36166df9867');
INSERT INTO "collection" VALUES ('2c54ef4b-c509-4ff5-b017-a5791c0a6b6b', 'Some title 43', '43', '0436febe-f1f0-4356-96e6-c36166df9867');
INSERT INTO "collection" VALUES ('b76665ec-a59a-4f1e-81f4-2293621274b8', 'Some title 44', '44', 'e0b4ef80-8fdd-416c-a880-6ff19bb15bf0');
INSERT INTO "collection" VALUES ('754d8353-392c-44e4-aa96-34fce77a0bbd', 'Some title 45', '45', '29422848-3c0a-42d7-8c67-2fd5dd5f15ea');
INSERT INTO "collection" VALUES ('810d1482-4638-4fe2-9481-0192514c80e2', 'Some title 46', '46', '627429d5-0c88-4ab2-987a-ae41fb91bfb5');
INSERT INTO "collection" VALUES ('a0239964-fbe2-408e-9a44-2c460474d3d1', 'Some title 47', '47', 'e0b4ef80-8fdd-416c-a880-6ff19bb15bf0');
INSERT INTO "collection" VALUES ('5c641bdb-3416-4c8f-b713-4ae6a75fc1e3', 'Some title 48', '48', '0436febe-f1f0-4356-96e6-c36166df9867');
INSERT INTO "collection" VALUES ('89ad8f16-5bc8-4226-9721-f76a0d6ae95a', 'Some title 49', '49', 'b6b81b2f-db1a-432f-a83c-899ac62af9e1');
INSERT INTO "collection" VALUES ('b5336f06-912f-4b14-8a0e-da728d893575', 'Some title 50', '50', '688bd11b-6eff-4cc2-87aa-52297f4d1c50');
INSERT INTO "collection" VALUES ('c55ca512-6b34-43aa-9755-4a7f427222a6', 'Some title 51', '51', 'ad971f7c-b1f2-4704-a679-a5c7648436eb');
INSERT INTO "collection" VALUES ('c4c8b8ce-da71-4841-bb48-360ca2f92117', 'Some title 52', '52', '688bd11b-6eff-4cc2-87aa-52297f4d1c50');
INSERT INTO "collection" VALUES ('abd093e0-e68f-4edf-969e-63e301f15def', 'Some title 53', '53', 'b6b81b2f-db1a-432f-a83c-899ac62af9e1');
INSERT INTO "collection" VALUES ('bfe283f8-8a9c-47fa-a867-43423f0ef4f6', 'Some title 54', '54', 'ad971f7c-b1f2-4704-a679-a5c7648436eb');
INSERT INTO "collection" VALUES ('3e2b9c1e-3168-494d-9725-741edc0ee64f', 'Some title 55', '55', 'b6b81b2f-db1a-432f-a83c-899ac62af9e1');
INSERT INTO "collection" VALUES ('2067684c-2bb6-46ad-9818-ebc7078be2d8', 'Some title 56', '56', '688bd11b-6eff-4cc2-87aa-52297f4d1c50');
INSERT INTO "collection" VALUES ('e8a32619-4618-4e98-90f9-7b48e90b6739', 'Some title 57', '57', 'b86c1f0f-454b-4bfc-b155-5ce0e02e46c3');
INSERT INTO "collection" VALUES ('619dd1bc-7d95-46c3-be21-c8961a3063dd', 'Some title 58', '58', '1aff96d2-55c7-411f-a993-3e50ae1c999c');
INSERT INTO "collection" VALUES ('1cd0366a-8c9a-4332-974e-35e9ade4673a', 'Some title 59', '59', '0436febe-f1f0-4356-96e6-c36166df9867');
INSERT INTO "collection" VALUES ('7aff364d-e466-4e6a-a090-9b940dd8b468', 'Some title 60', '60', 'f37adb71-5876-4c55-bec7-434c70e1c0d7');
INSERT INTO "collection" VALUES ('cec7b579-2519-4697-990e-ac4e5344ac11', 'Some title 61', '61', 'b6b81b2f-db1a-432f-a83c-899ac62af9e1');
INSERT INTO "collection" VALUES ('324bc2ef-921e-413a-aee8-3848619d6f71', 'Some title 62', '62', 'b6b81b2f-db1a-432f-a83c-899ac62af9e1');
INSERT INTO "collection" VALUES ('ee1da460-021c-4fd5-815c-a71888e28990', 'Some title 63', '63', 'e0b4ef80-8fdd-416c-a880-6ff19bb15bf0');
INSERT INTO "collection" VALUES ('0cda5a32-fd0e-479e-a463-e8b4b9e13e08', 'Some title 64', '64', 'ad971f7c-b1f2-4704-a679-a5c7648436eb');
INSERT INTO "collection" VALUES ('a9649d06-2076-48ff-bab3-c1d9c3640313', 'Some title 65', '65', '0436febe-f1f0-4356-96e6-c36166df9867');
INSERT INTO "collection" VALUES ('fa8a1e0f-3440-4b78-8478-c5bf44d38c5c', 'Some title 66', '66', '29422848-3c0a-42d7-8c67-2fd5dd5f15ea');
INSERT INTO "collection" VALUES ('04beedbb-a274-4302-a724-76f838603371', 'Some title 67', '67', 'b6b81b2f-db1a-432f-a83c-899ac62af9e1');
INSERT INTO "collection" VALUES ('b56502a8-0b98-4967-8f5c-8f930ec9c74a', 'Some title 68', '68', 'e0b4ef80-8fdd-416c-a880-6ff19bb15bf0');
INSERT INTO "collection" VALUES ('c825661a-fcc5-47f0-a2b8-773221b2993a', 'Some title 69', '69', '627429d5-0c88-4ab2-987a-ae41fb91bfb5');
INSERT INTO "collection" VALUES ('79de50f2-534d-4edc-b3d6-e54ed865a06a', 'Some title 70', '70', 'f37adb71-5876-4c55-bec7-434c70e1c0d7');
INSERT INTO "collection" VALUES ('f329b2fb-588a-4fb5-a8a1-5e8ae55b909b', 'Some title 71', '71', '627429d5-0c88-4ab2-987a-ae41fb91bfb5');
INSERT INTO "collection" VALUES ('cfac31a6-bb68-4e8c-ac54-ca6179d7d27e', 'Some title 72', '72', '0436febe-f1f0-4356-96e6-c36166df9867');
INSERT INTO "collection" VALUES ('ac9e937a-ae64-47a8-8e15-cd143feaf50d', 'Some title 73', '73', 'ad971f7c-b1f2-4704-a679-a5c7648436eb');
INSERT INTO "collection" VALUES ('78a60584-a02d-4c82-8f99-b58e3816402d', 'Some title 74', '74', 'b6b81b2f-db1a-432f-a83c-899ac62af9e1');
INSERT INTO "collection" VALUES ('2ba9ee71-5de3-4551-90dd-ffa5c83624d4', 'Some title 75', '75', '627429d5-0c88-4ab2-987a-ae41fb91bfb5');
INSERT INTO "collection" VALUES ('f813001b-c80a-481c-8e31-02bc202e9f04', 'Some title 76', '76', '1aff96d2-55c7-411f-a993-3e50ae1c999c');
INSERT INTO "collection" VALUES ('6f8f0c45-8f94-4053-b4ec-d885645182f4', 'Some title 77', '77', '688bd11b-6eff-4cc2-87aa-52297f4d1c50');
INSERT INTO "collection" VALUES ('0517fec6-2fad-428d-a3a5-6fee400879bf', 'Some title 78', '78', '29422848-3c0a-42d7-8c67-2fd5dd5f15ea');
INSERT INTO "collection" VALUES ('e7d984ae-3b9a-4daf-ad7a-c8a33fb935de', 'Some title 79', '79', '0436febe-f1f0-4356-96e6-c36166df9867');
INSERT INTO "collection" VALUES ('5d1527ac-1374-4f1a-9092-187e46dbb500', 'Some title 80', '80', 'e0b4ef80-8fdd-416c-a880-6ff19bb15bf0');
INSERT INTO "collection" VALUES ('3a37fba0-cb9d-4caf-b2ae-cc6726d96d1c', 'Some title 81', '81', 'b6b81b2f-db1a-432f-a83c-899ac62af9e1');
INSERT INTO "collection" VALUES ('2f70d749-83e9-4236-9553-12fd3991a9bb', 'Some title 82', '82', 'e0b4ef80-8fdd-416c-a880-6ff19bb15bf0');
INSERT INTO "collection" VALUES ('daca4996-21f5-417e-b15b-a4a0978cd8f7', 'Some title 83', '83', 'b6b81b2f-db1a-432f-a83c-899ac62af9e1');
INSERT INTO "collection" VALUES ('24f5c7a7-1201-47ff-8139-23c375a7a51e', 'Some title 84', '84', 'e0b4ef80-8fdd-416c-a880-6ff19bb15bf0');
INSERT INTO "collection" VALUES ('670732f0-4b3a-4256-bca1-476d15b89a76', 'Some title 85', '85', 'b86c1f0f-454b-4bfc-b155-5ce0e02e46c3');
INSERT INTO "collection" VALUES ('630cb9d6-9500-4c16-bdb4-f068733adef3', 'Some title 86', '86', '0436febe-f1f0-4356-96e6-c36166df9867');
INSERT INTO "collection" VALUES ('483c30b9-94e8-44ff-ac2d-4dc22c75f8cc', 'Some title 87', '87', '29422848-3c0a-42d7-8c67-2fd5dd5f15ea');
INSERT INTO "collection" VALUES ('3c31703c-3a15-4677-9b40-97a9a70ed607', 'Some title 88', '88', 'e0b4ef80-8fdd-416c-a880-6ff19bb15bf0');
INSERT INTO "collection" VALUES ('ff6f5546-41f0-4cef-8083-5ce3652f06bf', 'Some title 89', '89', '29422848-3c0a-42d7-8c67-2fd5dd5f15ea');
INSERT INTO "collection" VALUES ('963f9127-38da-405a-b185-69d8f9dc9230', 'Some title 90', '90', '0436febe-f1f0-4356-96e6-c36166df9867');
INSERT INTO "collection" VALUES ('e05a2410-28c9-4fa8-bcdb-db683cc66a86', 'Some title 91', '91', '688bd11b-6eff-4cc2-87aa-52297f4d1c50');
INSERT INTO "collection" VALUES ('55f370f1-540b-4763-8991-5ffe28ecf6e2', 'Some title 92', '92', 'ad971f7c-b1f2-4704-a679-a5c7648436eb');
INSERT INTO "collection" VALUES ('d7c8efca-2b84-42b7-aa3d-9622904ba488', 'Some title 93', '93', 'e0b4ef80-8fdd-416c-a880-6ff19bb15bf0');
INSERT INTO "collection" VALUES ('94fe0577-c1d3-4f72-969d-baa6941ff14a', 'Some title 94', '94', '627429d5-0c88-4ab2-987a-ae41fb91bfb5');
INSERT INTO "collection" VALUES ('ec6a01ac-1658-4797-9846-2830cc117699', 'Some title 95', '95', '0436febe-f1f0-4356-96e6-c36166df9867');
INSERT INTO "collection" VALUES ('0109b929-e511-4dea-83e2-f9b6aee9acf6', 'Some title 96', '96', 'ad971f7c-b1f2-4704-a679-a5c7648436eb');
INSERT INTO "collection" VALUES ('e1a5ea74-03a1-49a5-b392-46e558b56ca3', 'Some title 97', '97', 'b6b81b2f-db1a-432f-a83c-899ac62af9e1');
INSERT INTO "collection" VALUES ('edd45286-fad2-4b8c-9f70-3d9ded8dc958', 'Some title 98', '98', '29422848-3c0a-42d7-8c67-2fd5dd5f15ea');
INSERT INTO "collection" VALUES ('b3f0ff0e-a12f-4133-b3f4-68c634c18e5d', 'Some title 99', '99', 'e0b4ef80-8fdd-416c-a880-6ff19bb15bf0');
INSERT INTO "collection" VALUES ('0cdb7188-20ad-42c7-ab99-90edebe8b3fe', 'Some title 100', '100', '29422848-3c0a-42d7-8c67-2fd5dd5f15ea');
INSERT INTO "collectionitem" VALUES ('897686dd-c518-4059-af60-99abc182f936', 'Some item title 1', '1', 'aa4dc852-da08-4da7-a19a-09447b450886');
INSERT INTO "collectionitem" VALUES ('299f4dcd-69e7-487a-a4f6-a04b7ebabdf1', 'Some item title 2', '2', 'aa4dc852-da08-4da7-a19a-09447b450886');
INSERT INTO "collectionitem" VALUES ('5820b563-30a6-40c1-95f4-f5d1bdfbde2c', 'Some item title 3', '3', 'aa4dc852-da08-4da7-a19a-09447b450886');
INSERT INTO "collectionitem" VALUES ('f65898b9-68f3-4181-9ed0-b032968aacab', 'Some item title 4', '4', 'aa4dc852-da08-4da7-a19a-09447b450886');
INSERT INTO "collectionitem" VALUES ('a6a140f8-51c9-4d12-b6cc-d3e7554a374d', 'Some item title 5', '5', 'dd4e79d3-8a70-4a76-a976-b112c74571ac');
INSERT INTO "collectionitem" VALUES ('f4e97f97-d08e-4c7b-bcaa-f99cf53c2459', 'Some item title 6', '6', 'dd4e79d3-8a70-4a76-a976-b112c74571ac');
INSERT INTO "collectionitem" VALUES ('211dea35-0d89-4761-96a5-5abd7fd7b8c3', 'Some item title 7', '7', 'dd4e79d3-8a70-4a76-a976-b112c74571ac');
INSERT INTO "collectionitem" VALUES ('48e4ee29-fa70-4b5c-bebb-090c9e8b49f4', 'Some item title 8', '8', 'dd4e79d3-8a70-4a76-a976-b112c74571ac');
INSERT INTO "collectionitem" VALUES ('ec5e5cc6-236f-424f-a234-49ebef8e93a2', 'Some item title 9', '9', 'b477563f-6790-4f2b-bcbc-4131c58ed49b');
INSERT INTO "collectionitem" VALUES ('4c2a6958-9627-4757-94b1-ee954c68e4f9', 'Some item title 10', '10', 'b477563f-6790-4f2b-bcbc-4131c58ed49b');
INSERT INTO "collectionitem" VALUES ('8e6d073a-e043-4ff4-b7bd-a03e3ae1aa0c', 'Some item title 11', '11', 'b477563f-6790-4f2b-bcbc-4131c58ed49b');
INSERT INTO "collectionitem" VALUES ('c97ac0d8-523f-4a2e-8761-e5361264f5d6', 'Some item title 12', '12', 'b477563f-6790-4f2b-bcbc-4131c58ed49b');
INSERT INTO "collectionitem" VALUES ('8d713aec-d59b-4ffa-b9b4-6fe77f26eda8', 'Some item title 13', '13', 'b477563f-6790-4f2b-bcbc-4131c58ed49b');
INSERT INTO "collectionitem" VALUES ('5c72a2ac-cbaa-460f-b651-ff04c88c2f9b', 'Some item title 14', '14', 'b477563f-6790-4f2b-bcbc-4131c58ed49b');
INSERT INTO "collectionitem" VALUES ('81c35d20-48ce-41c2-9fa7-03dc8cf29e2b', 'Some item title 15', '15', 'b477563f-6790-4f2b-bcbc-4131c58ed49b');
INSERT INTO "collectionitem" VALUES ('9bea116a-64b9-48a7-90ef-5df4ed965c6e', 'Some item title 16', '16', 'b477563f-6790-4f2b-bcbc-4131c58ed49b');
INSERT INTO "collectionitem" VALUES ('4c74e25c-55ac-47d4-8a28-415a0740284f', 'Some item title 17', '17', '45b95a8a-b7ae-4f64-8d80-a2b115823483');
INSERT INTO "collectionitem" VALUES ('7021904f-94bf-4d0e-ac6f-777610345e03', 'Some item title 18', '18', '45b95a8a-b7ae-4f64-8d80-a2b115823483');
INSERT INTO "collectionitem" VALUES ('999b5a0b-1e44-494b-801b-d290ed7df73c', 'Some item title 19', '19', '45b95a8a-b7ae-4f64-8d80-a2b115823483');
INSERT INTO "collectionitem" VALUES ('52a47330-93cb-4bf7-a8fa-672345af27d6', 'Some item title 20', '20', '45b95a8a-b7ae-4f64-8d80-a2b115823483');
INSERT INTO "collectionitem" VALUES ('f65fb19e-edd2-479b-a275-749716b71a89', 'Some item title 21', '21', '45b95a8a-b7ae-4f64-8d80-a2b115823483');
INSERT INTO "collectionitem" VALUES ('a3a69937-29e4-4ee9-987f-6bcfb6a21ba0', 'Some item title 22', '22', '45b95a8a-b7ae-4f64-8d80-a2b115823483');
INSERT INTO "collectionitem" VALUES ('b940e057-a651-497f-b578-7d1e8b427607', 'Some item title 23', '23', '45b95a8a-b7ae-4f64-8d80-a2b115823483');
INSERT INTO "collectionitem" VALUES ('6347329d-91bc-4cb0-b60f-89d6b1aca8a8', 'Some item title 24', '24', 'a7d4231c-10e2-47dd-a5bc-94284a4571a7');
INSERT INTO "collectionitem" VALUES ('ecd6696f-a407-4478-9a61-2a892484ccf3', 'Some item title 25', '25', 'a7d4231c-10e2-47dd-a5bc-94284a4571a7');
INSERT INTO "collectionitem" VALUES ('90516270-b16b-478e-b3f7-a97781eda859', 'Some item title 26', '26', 'a7d4231c-10e2-47dd-a5bc-94284a4571a7');
INSERT INTO "collectionitem" VALUES ('106195be-4aa5-4238-9f45-77ad8ed900c6', 'Some item title 27', '27', 'a7d4231c-10e2-47dd-a5bc-94284a4571a7');
INSERT INTO "collectionitem" VALUES ('8e48179a-755e-4c5a-9dd7-37d7f169681c', 'Some item title 28', '28', 'c4cd2ec7-2f3e-44c5-9825-e7701e9b5e3d');
INSERT INTO "collectionitem" VALUES ('ac8399bb-1c6d-4575-8c20-1691f8a86882', 'Some item title 29', '29', 'c4cd2ec7-2f3e-44c5-9825-e7701e9b5e3d');
INSERT INTO "collectionitem" VALUES ('9d50a71a-34b1-4f23-a529-7e39c2dbe995', 'Some item title 30', '30', 'c4cd2ec7-2f3e-44c5-9825-e7701e9b5e3d');
INSERT INTO "collectionitem" VALUES ('56cdfd85-7135-48ea-b03c-12316fa56c66', 'Some item title 31', '31', 'c4cd2ec7-2f3e-44c5-9825-e7701e9b5e3d');
INSERT INTO "collectionitem" VALUES ('d91eda88-3455-4c1f-8f4b-6e744372e060', 'Some item title 32', '32', 'c4cd2ec7-2f3e-44c5-9825-e7701e9b5e3d');
INSERT INTO "collectionitem" VALUES ('ef320308-e726-44fc-b32f-7d0b8aac032c', 'Some item title 33', '33', 'c4cd2ec7-2f3e-44c5-9825-e7701e9b5e3d');
INSERT INTO "collectionitem" VALUES ('76403c2d-b537-4561-aff7-a6f303f3ccc7', 'Some item title 34', '34', 'a4e33feb-ebaa-41cc-be5c-50fa8f0c8c5f');
INSERT INTO "collectionitem" VALUES ('b3f32b59-c3e4-4be5-90aa-7d760a4744f4', 'Some item title 35', '35', 'a4e33feb-ebaa-41cc-be5c-50fa8f0c8c5f');
INSERT INTO "collectionitem" VALUES ('c04f637d-2bd7-4aa7-bbdb-6cf780755839', 'Some item title 36', '36', 'a4e33feb-ebaa-41cc-be5c-50fa8f0c8c5f');
INSERT INTO "collectionitem" VALUES ('d8c626ab-44e4-4e82-9e0c-2e4c9da621ec', 'Some item title 37', '37', 'a4e33feb-ebaa-41cc-be5c-50fa8f0c8c5f');
INSERT INTO "collectionitem" VALUES ('7463657d-199e-4dc1-827c-27435a2d97aa', 'Some item title 38', '38', 'a4e33feb-ebaa-41cc-be5c-50fa8f0c8c5f');
INSERT INTO "collectionitem" VALUES ('3332fce8-d6f9-4d5b-b163-eb5cb1284fdc', 'Some item title 39', '39', 'a4e33feb-ebaa-41cc-be5c-50fa8f0c8c5f');
INSERT INTO "collectionitem" VALUES ('0d8df8e9-b4b1-4030-9f1f-72f6cd55c31a', 'Some item title 40', '40', 'a4e33feb-ebaa-41cc-be5c-50fa8f0c8c5f');
INSERT INTO "collectionitem" VALUES ('e71af375-eaae-4c86-a6ae-7aee08c16268', 'Some item title 41', '41', 'a4e33feb-ebaa-41cc-be5c-50fa8f0c8c5f');
INSERT INTO "collectionitem" VALUES ('03d8c7c6-591c-48b6-97ff-b0b2ea0278e2', 'Some item title 42', '42', '5ac9b9eb-6884-42d7-84de-721c564e2ae9');
INSERT INTO "collectionitem" VALUES ('095a8d7c-c6de-45f0-9286-2adf7058bf1c', 'Some item title 43', '43', '5ac9b9eb-6884-42d7-84de-721c564e2ae9');
INSERT INTO "collectionitem" VALUES ('1ab683f4-9642-4630-9675-74e18e526b9c', 'Some item title 44', '44', '5ac9b9eb-6884-42d7-84de-721c564e2ae9');
INSERT INTO "collectionitem" VALUES ('92ad5b0a-700b-4620-a9a9-572ace0ef466', 'Some item title 45', '45', '5ac9b9eb-6884-42d7-84de-721c564e2ae9');
INSERT INTO "collectionitem" VALUES ('3af7ec21-d40a-478b-8e2d-0e46f4247983', 'Some item title 46', '46', '5ac9b9eb-6884-42d7-84de-721c564e2ae9');
INSERT INTO "collectionitem" VALUES ('083b9084-54cb-4a24-a575-e46b7bae1529', 'Some item title 47', '47', '5ac9b9eb-6884-42d7-84de-721c564e2ae9');
INSERT INTO "collectionitem" VALUES ('dcd24c5d-4584-4a2f-b9fd-2605e3931d93', 'Some item title 48', '48', '5ac9b9eb-6884-42d7-84de-721c564e2ae9');
INSERT INTO "collectionitem" VALUES ('f8a5328f-6a58-4138-89e3-d842a8d43c6f', 'Some item title 49', '49', '5ac9b9eb-6884-42d7-84de-721c564e2ae9');
INSERT INTO "collectionitem" VALUES ('3d57efd2-afbb-45bd-8882-99581af0d6f9', 'Some item title 50', '50', '856a52fc-7ef1-4b15-aa00-45497b5ec561');
INSERT INTO "collectionitem" VALUES ('403dd18c-39ab-4d66-960a-f8abfb5a08ba', 'Some item title 51', '51', '856a52fc-7ef1-4b15-aa00-45497b5ec561');
INSERT INTO "collectionitem" VALUES ('5fec45ac-1e4b-423b-bb7d-095e15abb7d2', 'Some item title 52', '52', '856a52fc-7ef1-4b15-aa00-45497b5ec561');
INSERT INTO "collectionitem" VALUES ('f4d636b0-f213-4da8-b39a-05dc8dae2d29', 'Some item title 53', '53', '856a52fc-7ef1-4b15-aa00-45497b5ec561');
INSERT INTO "collectionitem" VALUES ('83e5f940-37df-40b6-b50c-f135f371ac19', 'Some item title 54', '54', '856a52fc-7ef1-4b15-aa00-45497b5ec561');
INSERT INTO "collectionitem" VALUES ('e24c0bcc-ec06-4a0b-9078-72a7e3193cef', 'Some item title 55', '55', '856a52fc-7ef1-4b15-aa00-45497b5ec561');
INSERT INTO "collectionitem" VALUES ('89cc81b6-70b7-4532-8096-d61c6f572d56', 'Some item title 56', '56', '856a52fc-7ef1-4b15-aa00-45497b5ec561');
INSERT INTO "collectionitem" VALUES ('f78a9cb6-582a-4a28-b7a3-418f49150c0d', 'Some item title 57', '57', 'f0536ce2-fa02-4b16-8e21-084dceb8f073');
INSERT INTO "collectionitem" VALUES ('1f4838c8-1e02-46c2-bed1-091e49d4f287', 'Some item title 58', '58', 'f0536ce2-fa02-4b16-8e21-084dceb8f073');
INSERT INTO "collectionitem" VALUES ('f1026522-3449-4aeb-aadf-23e302dc46db', 'Some item title 59', '59', 'f0536ce2-fa02-4b16-8e21-084dceb8f073');
INSERT INTO "collectionitem" VALUES ('cbc0a8e7-df95-4328-a610-d66b6bcad1af', 'Some item title 60', '60', 'f0536ce2-fa02-4b16-8e21-084dceb8f073');
INSERT INTO "collectionitem" VALUES ('fe8bfe63-3d52-4bdb-afbd-23ceb4efea61', 'Some item title 61', '61', '509c97dc-2828-4c9a-a45f-5791f4313bb6');
INSERT INTO "collectionitem" VALUES ('435fd87e-1758-4400-9d4b-2b86c8575750', 'Some item title 62', '62', '509c97dc-2828-4c9a-a45f-5791f4313bb6');
INSERT INTO "collectionitem" VALUES ('5eaa3154-bc9e-4643-b60d-21b197580b79', 'Some item title 63', '63', '509c97dc-2828-4c9a-a45f-5791f4313bb6');
INSERT INTO "collectionitem" VALUES ('cf75f63f-1865-4600-8f7f-cd2989571e9a', 'Some item title 64', '64', '509c97dc-2828-4c9a-a45f-5791f4313bb6');
INSERT INTO "collectionitem" VALUES ('3ca1eb60-f69f-4484-8176-20a99854324f', 'Some item title 65', '65', '430d5374-a323-4dc2-b676-65a69de97f47');
INSERT INTO "collectionitem" VALUES ('d180a92f-473d-42e4-8431-761ec9775f94', 'Some item title 66', '66', '430d5374-a323-4dc2-b676-65a69de97f47');
INSERT INTO "collectionitem" VALUES ('5c94c530-5ae5-4390-8409-451b9c51858d', 'Some item title 67', '67', '430d5374-a323-4dc2-b676-65a69de97f47');
INSERT INTO "collectionitem" VALUES ('287bbe3a-3eb6-41c6-a226-9f23f538859f', 'Some item title 68', '68', '430d5374-a323-4dc2-b676-65a69de97f47');
INSERT INTO "collectionitem" VALUES ('5da838d7-f29a-4050-905b-12aa1f23c332', 'Some item title 69', '69', '88bb4700-0614-42e0-ab82-bbd1f3c213dc');
INSERT INTO "collectionitem" VALUES ('6aa1be44-0118-4fc4-a46b-2a9d0918d971', 'Some item title 70', '70', '88bb4700-0614-42e0-ab82-bbd1f3c213dc');
INSERT INTO "collectionitem" VALUES ('8c23a27e-0651-4b41-8c93-eeb3528fa734', 'Some item title 71', '71', '88bb4700-0614-42e0-ab82-bbd1f3c213dc');
INSERT INTO "collectionitem" VALUES ('460cd338-e850-413c-ae84-73b8ee531950', 'Some item title 72', '72', '88bb4700-0614-42e0-ab82-bbd1f3c213dc');
INSERT INTO "collectionitem" VALUES ('b1adda88-1f46-4ce4-aac5-e486b5587845', 'Some item title 73', '73', '88bb4700-0614-42e0-ab82-bbd1f3c213dc');
INSERT INTO "collectionitem" VALUES ('738fe107-37d9-43d3-bbf2-baae989b122d', 'Some item title 74', '74', '88bb4700-0614-42e0-ab82-bbd1f3c213dc');
INSERT INTO "collectionitem" VALUES ('1ddf1590-b9a6-434c-a006-a1ceb55b525e', 'Some item title 75', '75', '88bb4700-0614-42e0-ab82-bbd1f3c213dc');
INSERT INTO "collectionitem" VALUES ('706140f4-7925-4847-9349-26ab8e3545a5', 'Some item title 76', '76', '88bb4700-0614-42e0-ab82-bbd1f3c213dc');
INSERT INTO "collectionitem" VALUES ('56014a80-ab27-4b54-9fc5-153bc5735653', 'Some item title 77', '77', '88bb4700-0614-42e0-ab82-bbd1f3c213dc');
INSERT INTO "collectionitem" VALUES ('654637a0-50fb-4ef2-84e8-6810c63662a3', 'Some item title 78', '78', '88bb4700-0614-42e0-ab82-bbd1f3c213dc');
INSERT INTO "collectionitem" VALUES ('8421c71f-1596-4333-abbf-0a2755eefbb9', 'Some item title 79', '79', 'f75cbc7f-24aa-44e0-8f64-779e3951c369');
INSERT INTO "collectionitem" VALUES ('00b9983e-ed32-4707-b745-42f2cf2ca177', 'Some item title 80', '80', 'f75cbc7f-24aa-44e0-8f64-779e3951c369');
INSERT INTO "collectionitem" VALUES ('1b92d691-9c6d-43b5-b460-0c5327565ce9', 'Some item title 81', '81', 'f75cbc7f-24aa-44e0-8f64-779e3951c369');
INSERT INTO "collectionitem" VALUES ('717591de-ad88-4732-bb08-9e083f2a6d51', 'Some item title 82', '82', 'f75cbc7f-24aa-44e0-8f64-779e3951c369');
INSERT INTO "collectionitem" VALUES ('28598e18-a42f-4505-99ec-15dc1ce40ea5', 'Some item title 83', '83', 'f75cbc7f-24aa-44e0-8f64-779e3951c369');
INSERT INTO "collectionitem" VALUES ('2a3e44e6-f293-41e5-9133-ec3c38e6da71', 'Some item title 84', '84', 'f75cbc7f-24aa-44e0-8f64-779e3951c369');
INSERT INTO "collectionitem" VALUES ('c0e248a5-709e-41d4-844b-2d674a420547', 'Some item title 85', '85', '6a0288b5-25cf-4652-a788-a091e484d9de');
INSERT INTO "collectionitem" VALUES ('55f35679-309c-4a88-bddd-37a6d205de8b', 'Some item title 86', '86', '6a0288b5-25cf-4652-a788-a091e484d9de');
INSERT INTO "collectionitem" VALUES ('8d38fd0e-f8a2-42da-b26b-f028c6a74c07', 'Some item title 87', '87', '6a0288b5-25cf-4652-a788-a091e484d9de');
INSERT INTO "collectionitem" VALUES ('a7b1331f-e0b3-4b87-9c1d-b2e70c484707', 'Some item title 88', '88', '6a0288b5-25cf-4652-a788-a091e484d9de');
INSERT INTO "collectionitem" VALUES ('591b471f-8897-4dd0-81f9-863aeade2477', 'Some item title 89', '89', '6a0288b5-25cf-4652-a788-a091e484d9de');
INSERT INTO "collectionitem" VALUES ('b817701e-b0c5-4148-a8f3-1f7a2a1ded25', 'Some item title 90', '90', '6a0288b5-25cf-4652-a788-a091e484d9de');
INSERT INTO "collectionitem" VALUES ('1e99ff62-9b98-4cd0-b5a8-437558201826', 'Some item title 91', '91', '6a0288b5-25cf-4652-a788-a091e484d9de');
INSERT INTO "collectionitem" VALUES ('63d3e662-9477-4363-887c-b2d3a7b385d6', 'Some item title 92', '92', '6a0288b5-25cf-4652-a788-a091e484d9de');
INSERT INTO "collectionitem" VALUES ('2d8d89a2-9206-42d2-8749-aa02720a211c', 'Some item title 93', '93', '14db7d31-5703-472d-9ca6-e2342e1e9618');
INSERT INTO "collectionitem" VALUES ('70e397a4-d243-444b-b301-26eb8649ef16', 'Some item title 94', '94', '14db7d31-5703-472d-9ca6-e2342e1e9618');
INSERT INTO "collectionitem" VALUES ('9331638b-d470-4f16-8371-77a5fbb100f4', 'Some item title 95', '95', '14db7d31-5703-472d-9ca6-e2342e1e9618');
INSERT INTO "collectionitem" VALUES ('a0219313-829c-4d1f-9a77-6b69f26c8719', 'Some item title 96', '96', '14db7d31-5703-472d-9ca6-e2342e1e9618');
INSERT INTO "collectionitem" VALUES ('82fbfb3c-7b9a-4719-b83f-58be3fecf74a', 'Some item title 97', '97', '14db7d31-5703-472d-9ca6-e2342e1e9618');
INSERT INTO "collectionitem" VALUES ('c8422088-4e1a-4891-a7ec-2e5823f4039d', 'Some item title 98', '98', '14db7d31-5703-472d-9ca6-e2342e1e9618');
INSERT INTO "collectionitem" VALUES ('55b9d8fd-6419-4ccb-adfa-f3f95e690ea3', 'Some item title 99', '99', '14db7d31-5703-472d-9ca6-e2342e1e9618');
INSERT INTO "collectionitem" VALUES ('36c67503-5071-4331-929f-b371419dd2d9', 'Some item title 100', '100', '14db7d31-5703-472d-9ca6-e2342e1e9618');
INSERT INTO "collectionitem" VALUES ('abc15cce-b764-4422-9a0c-9e8b9ff4e7a3', 'Some item title 101', '101', '14db7d31-5703-472d-9ca6-e2342e1e9618');
INSERT INTO "collectionitem" VALUES ('1ca90dff-e059-4e84-a807-3b2c03591037', 'Some item title 102', '102', '1673fd5c-1763-4725-80bb-5eb137a4c409');
INSERT INTO "collectionitem" VALUES ('93c1a5ad-4bf6-486b-b3ba-f105ed79ee13', 'Some item title 103', '103', '1673fd5c-1763-4725-80bb-5eb137a4c409');
INSERT INTO "collectionitem" VALUES ('103928af-ab87-4319-b9d4-c625657b85d8', 'Some item title 104', '104', '1673fd5c-1763-4725-80bb-5eb137a4c409');
INSERT INTO "collectionitem" VALUES ('34c3f25d-9dd7-4e57-8c78-880b225e090b', 'Some item title 105', '105', '1673fd5c-1763-4725-80bb-5eb137a4c409');
INSERT INTO "collectionitem" VALUES ('355cc763-98c5-4343-bb7b-574a771e6533', 'Some item title 106', '106', '1673fd5c-1763-4725-80bb-5eb137a4c409');
INSERT INTO "collectionitem" VALUES ('4d68efae-3464-415b-b182-12457caba72f', 'Some item title 107', '107', '1673fd5c-1763-4725-80bb-5eb137a4c409');
INSERT INTO "collectionitem" VALUES ('076eaa32-630b-4090-a6e0-74902721868a', 'Some item title 108', '108', '1673fd5c-1763-4725-80bb-5eb137a4c409');
INSERT INTO "collectionitem" VALUES ('c801c655-a25c-4371-a6f1-7071618758fd', 'Some item title 109', '109', '1673fd5c-1763-4725-80bb-5eb137a4c409');
INSERT INTO "collectionitem" VALUES ('c0fb8782-e7be-4aff-bb90-62a99405503c', 'Some item title 110', '110', 'b9e47ae5-47db-40fe-9d88-9f6bbc239c74');
INSERT INTO "collectionitem" VALUES ('d950eb46-c07f-4677-bfc8-a6d9472638e9', 'Some item title 111', '111', 'b9e47ae5-47db-40fe-9d88-9f6bbc239c74');
INSERT INTO "collectionitem" VALUES ('eb8e8104-ced2-4bbf-afd0-7892ba8c4648', 'Some item title 112', '112', 'b9e47ae5-47db-40fe-9d88-9f6bbc239c74');
INSERT INTO "collectionitem" VALUES ('a6f1d463-7e2d-4d93-9f56-56f1f2f37bee', 'Some item title 113', '113', 'b9e47ae5-47db-40fe-9d88-9f6bbc239c74');
INSERT INTO "collectionitem" VALUES ('d24ee9df-54aa-49ce-a87b-7601a587c46b', 'Some item title 114', '114', 'b9e47ae5-47db-40fe-9d88-9f6bbc239c74');
INSERT INTO "collectionitem" VALUES ('f8fb791a-c7b6-469d-ae52-33cdd2797322', 'Some item title 115', '115', 'b9e47ae5-47db-40fe-9d88-9f6bbc239c74');
INSERT INTO "collectionitem" VALUES ('7a885835-8b63-443f-8cff-91a08279ade1', 'Some item title 116', '116', '46dd0697-bed2-4fe4-b903-2585fbfec240');
INSERT INTO "collectionitem" VALUES ('4df29fa2-a7b6-407a-bb92-47b8904875fc', 'Some item title 117', '117', '46dd0697-bed2-4fe4-b903-2585fbfec240');
INSERT INTO "collectionitem" VALUES ('4e3b2c49-3484-4ebf-b71d-82e70618e2a4', 'Some item title 118', '118', '46dd0697-bed2-4fe4-b903-2585fbfec240');
INSERT INTO "collectionitem" VALUES ('598ba529-55ff-43a5-8475-dab39da4046b', 'Some item title 119', '119', '46dd0697-bed2-4fe4-b903-2585fbfec240');
INSERT INTO "collectionitem" VALUES ('6e120a5e-6bdf-423a-bf7b-8b10ab53803c', 'Some item title 120', '120', '46dd0697-bed2-4fe4-b903-2585fbfec240');
INSERT INTO "collectionitem" VALUES ('89ba0167-54cb-454d-87e6-953a5f15df3d', 'Some item title 121', '121', '46dd0697-bed2-4fe4-b903-2585fbfec240');
INSERT INTO "collectionitem" VALUES ('9f0648eb-1815-4fde-b744-63b82012f7e6', 'Some item title 122', '122', '46dd0697-bed2-4fe4-b903-2585fbfec240');
INSERT INTO "collectionitem" VALUES ('795b7d4f-14b2-490a-8676-4ba0fad2333b', 'Some item title 123', '123', '46dd0697-bed2-4fe4-b903-2585fbfec240');
INSERT INTO "collectionitem" VALUES ('c39a244b-470d-4792-af9c-2c2ccc34f72b', 'Some item title 124', '124', '28ba6f83-6f47-40f3-8315-cb97487ca8b2');
INSERT INTO "collectionitem" VALUES ('633b65fe-601a-4f7b-84ee-7a00cde216ac', 'Some item title 125', '125', '28ba6f83-6f47-40f3-8315-cb97487ca8b2');
INSERT INTO "collectionitem" VALUES ('c4a41cf0-ea16-45e9-a3ff-f5920cc7a263', 'Some item title 126', '126', '28ba6f83-6f47-40f3-8315-cb97487ca8b2');
INSERT INTO "collectionitem" VALUES ('a74a6e53-83fb-410e-96ca-6560709a82da', 'Some item title 127', '127', '28ba6f83-6f47-40f3-8315-cb97487ca8b2');
INSERT INTO "collectionitem" VALUES ('73feeb23-fdee-482a-b65a-f3a70010912f', 'Some item title 128', '128', '28ba6f83-6f47-40f3-8315-cb97487ca8b2');
INSERT INTO "collectionitem" VALUES ('0ffd1e32-ab64-4b04-b64d-f964e2ab99ca', 'Some item title 129', '129', '28ba6f83-6f47-40f3-8315-cb97487ca8b2');
INSERT INTO "collectionitem" VALUES ('43a19425-979e-4605-bcf0-e77faa967f21', 'Some item title 130', '130', '28ba6f83-6f47-40f3-8315-cb97487ca8b2');
INSERT INTO "collectionitem" VALUES ('fec003c7-e1c1-40f7-a4bc-052ff77f29e8', 'Some item title 131', '131', '0bb21fc6-8044-4810-a2cd-264ace58e88f');
INSERT INTO "collectionitem" VALUES ('afa49b41-912b-4c02-a302-c00d650cc13d', 'Some item title 132', '132', '0bb21fc6-8044-4810-a2cd-264ace58e88f');
INSERT INTO "collectionitem" VALUES ('a1843309-2d8a-4e79-88fa-53f196e59036', 'Some item title 133', '133', '0bb21fc6-8044-4810-a2cd-264ace58e88f');
INSERT INTO "collectionitem" VALUES ('f2ea2e65-a986-4e38-9cc0-9a83eaeb974b', 'Some item title 134', '134', '0bb21fc6-8044-4810-a2cd-264ace58e88f');
INSERT INTO "collectionitem" VALUES ('2bd1bc6e-3e28-410c-9877-f2868895d2ca', 'Some item title 135', '135', '0bb21fc6-8044-4810-a2cd-264ace58e88f');
INSERT INTO "collectionitem" VALUES ('2bb37ce1-5f6c-4126-8d29-176bd3b1afe6', 'Some item title 136', '136', '0bb21fc6-8044-4810-a2cd-264ace58e88f');
INSERT INTO "collectionitem" VALUES ('88ce647d-5c6d-40e0-9a67-2d367aa8bff3', 'Some item title 137', '137', '0bb21fc6-8044-4810-a2cd-264ace58e88f');
INSERT INTO "collectionitem" VALUES ('df38021f-3bce-4c1b-a393-3227bde5b50a', 'Some item title 138', '138', '0bb21fc6-8044-4810-a2cd-264ace58e88f');
INSERT INTO "collectionitem" VALUES ('3bc5ac35-4438-4869-a577-d6749dbb4399', 'Some item title 139', '139', '0bb21fc6-8044-4810-a2cd-264ace58e88f');
INSERT INTO "collectionitem" VALUES ('93635108-1d1b-42f6-9539-d52546426785', 'Some item title 140', '140', '0bb21fc6-8044-4810-a2cd-264ace58e88f');
INSERT INTO "collectionitem" VALUES ('b79bf4b1-c931-4a31-86a7-ad19a91f7bd7', 'Some item title 141', '141', '013188d9-7f34-441f-a686-8d97aaf48504');
INSERT INTO "collectionitem" VALUES ('9870d069-d3b0-4344-b7b0-309282272ac1', 'Some item title 142', '142', '013188d9-7f34-441f-a686-8d97aaf48504');
INSERT INTO "collectionitem" VALUES ('4bb9da4e-076d-48fe-aad5-02e3d8a48937', 'Some item title 143', '143', '013188d9-7f34-441f-a686-8d97aaf48504');
INSERT INTO "collectionitem" VALUES ('77e86669-5321-45dc-8cfe-1326774d1f40', 'Some item title 144', '144', '013188d9-7f34-441f-a686-8d97aaf48504');
INSERT INTO "collectionitem" VALUES ('41b68bd1-f1d7-464d-b959-0061b1188aa8', 'Some item title 145', '145', '8eaa9dca-22bb-4034-abcd-df3d54bea6d1');
INSERT INTO "collectionitem" VALUES ('72930b14-f9ef-44b8-8edb-3c60b1120f8b', 'Some item title 146', '146', '8eaa9dca-22bb-4034-abcd-df3d54bea6d1');
INSERT INTO "collectionitem" VALUES ('b81d4fb8-1e6c-4c41-be9f-e62c9e9e22a1', 'Some item title 147', '147', '8eaa9dca-22bb-4034-abcd-df3d54bea6d1');
INSERT INTO "collectionitem" VALUES ('2e28788c-5fac-461c-a701-c3f08027185e', 'Some item title 148', '148', '8eaa9dca-22bb-4034-abcd-df3d54bea6d1');
INSERT INTO "collectionitem" VALUES ('0bcda2b5-c693-4060-a326-7a8ad9eafd01', 'Some item title 149', '149', '8eaa9dca-22bb-4034-abcd-df3d54bea6d1');
INSERT INTO "collectionitem" VALUES ('1a06cf05-f689-4f65-adf0-4a80a79270ab', 'Some item title 150', '150', '8eaa9dca-22bb-4034-abcd-df3d54bea6d1');
INSERT INTO "collectionitem" VALUES ('177f1376-ab42-49b3-b723-47c7abd2e9a2', 'Some item title 151', '151', '8eaa9dca-22bb-4034-abcd-df3d54bea6d1');
INSERT INTO "collectionitem" VALUES ('11128442-2af2-4f21-946c-16c17d8b4661', 'Some item title 152', '152', '8eaa9dca-22bb-4034-abcd-df3d54bea6d1');
INSERT INTO "collectionitem" VALUES ('2371259e-94e9-4aa1-93da-301fcbb55419', 'Some item title 153', '153', '2b0ac12d-0392-4998-ba51-32a8ce588534');
INSERT INTO "collectionitem" VALUES ('049f7679-b59e-435c-b266-36e5e050e570', 'Some item title 154', '154', '2b0ac12d-0392-4998-ba51-32a8ce588534');
INSERT INTO "collectionitem" VALUES ('edd08401-60a6-4eeb-863a-67624359d0ff', 'Some item title 155', '155', '2b0ac12d-0392-4998-ba51-32a8ce588534');
INSERT INTO "collectionitem" VALUES ('99734049-c159-4217-bbde-d00e1cbd0c2d', 'Some item title 156', '156', '2b0ac12d-0392-4998-ba51-32a8ce588534');
INSERT INTO "collectionitem" VALUES ('165bdca8-de1b-4c28-9bd7-2dca629e480c', 'Some item title 157', '157', '2b0ac12d-0392-4998-ba51-32a8ce588534');
INSERT INTO "collectionitem" VALUES ('a6ce0e88-a85a-47ff-84cc-d39c6f7adaaf', 'Some item title 158', '158', '2b0ac12d-0392-4998-ba51-32a8ce588534');
INSERT INTO "collectionitem" VALUES ('c8aef2f1-8d0b-4ad2-acd1-7b94f94a31aa', 'Some item title 159', '159', '2b0ac12d-0392-4998-ba51-32a8ce588534');
INSERT INTO "collectionitem" VALUES ('d73bfa2d-0e91-4c5a-98d4-20e754e6d65a', 'Some item title 160', '160', '2b0ac12d-0392-4998-ba51-32a8ce588534');
INSERT INTO "collectionitem" VALUES ('01943639-c692-408c-b2ef-2a77cc682087', 'Some item title 161', '161', '51b90ec5-8154-48e8-9e86-dbd879420f3c');
INSERT INTO "collectionitem" VALUES ('a6c00f8a-1853-4553-97ae-38e680cb67eb', 'Some item title 162', '162', '51b90ec5-8154-48e8-9e86-dbd879420f3c');
INSERT INTO "collectionitem" VALUES ('647f50d7-d53d-4355-a045-6630064cc046', 'Some item title 163', '163', '51b90ec5-8154-48e8-9e86-dbd879420f3c');
INSERT INTO "collectionitem" VALUES ('bea50901-e3bb-4349-a9b6-354c2231c078', 'Some item title 164', '164', '51b90ec5-8154-48e8-9e86-dbd879420f3c');
INSERT INTO "collectionitem" VALUES ('d3fadb19-c52e-481d-9643-81686c00a49f', 'Some item title 165', '165', '51b90ec5-8154-48e8-9e86-dbd879420f3c');
INSERT INTO "collectionitem" VALUES ('aaf0c75b-af33-43dd-972b-cfa1a09674c0', 'Some item title 166', '166', '51b90ec5-8154-48e8-9e86-dbd879420f3c');
INSERT INTO "collectionitem" VALUES ('152dccd1-fafd-435f-97e2-2b0ffe769975', 'Some item title 167', '167', '51b90ec5-8154-48e8-9e86-dbd879420f3c');
INSERT INTO "collectionitem" VALUES ('92f42c03-4daf-49e8-b04f-9657e601b72c', 'Some item title 168', '168', '51b90ec5-8154-48e8-9e86-dbd879420f3c');
INSERT INTO "collectionitem" VALUES ('eaca558a-2aad-4bd3-9488-7c5dd631d7f4', 'Some item title 169', '169', '46497d3c-457b-45ca-ac15-dbb5d42eeea5');
INSERT INTO "collectionitem" VALUES ('29a39b08-92c3-4888-b1b3-e6a658015d12', 'Some item title 170', '170', '46497d3c-457b-45ca-ac15-dbb5d42eeea5');
INSERT INTO "collectionitem" VALUES ('9912fbac-0ebd-4cb0-a07d-33b4a0de22a5', 'Some item title 171', '171', '46497d3c-457b-45ca-ac15-dbb5d42eeea5');
INSERT INTO "collectionitem" VALUES ('10d3bd3c-7d6d-4989-8b0d-e1900aeffb7b', 'Some item title 172', '172', '46497d3c-457b-45ca-ac15-dbb5d42eeea5');
INSERT INTO "collectionitem" VALUES ('00e897c0-faca-4b32-989e-06b9e1869d89', 'Some item title 173', '173', '46497d3c-457b-45ca-ac15-dbb5d42eeea5');
INSERT INTO "collectionitem" VALUES ('92813689-f953-44ac-b2b3-9734067a8ebe', 'Some item title 174', '174', 'd564de8b-7744-4351-b9ab-1958efe6e185');
INSERT INTO "collectionitem" VALUES ('76ce72bc-697a-4197-9db5-47ec9fd3a942', 'Some item title 175', '175', 'd564de8b-7744-4351-b9ab-1958efe6e185');
INSERT INTO "collectionitem" VALUES ('69376a48-e5ef-49cf-8a77-f93c21188f0d', 'Some item title 176', '176', 'd564de8b-7744-4351-b9ab-1958efe6e185');
INSERT INTO "collectionitem" VALUES ('24617de3-186d-47a1-b51c-35b04aefcedb', 'Some item title 177', '177', 'd564de8b-7744-4351-b9ab-1958efe6e185');
INSERT INTO "collectionitem" VALUES ('6797861d-210e-4e30-95dd-aab7f2b74a73', 'Some item title 178', '178', 'd564de8b-7744-4351-b9ab-1958efe6e185');
INSERT INTO "collectionitem" VALUES ('71bc6cdf-5445-45d9-bde5-80554d3d4679', 'Some item title 179', '179', 'd564de8b-7744-4351-b9ab-1958efe6e185');
INSERT INTO "collectionitem" VALUES ('3760fa81-29cc-4271-9a33-e96a0d13255e', 'Some item title 180', '180', 'd564de8b-7744-4351-b9ab-1958efe6e185');
INSERT INTO "collectionitem" VALUES ('7ceec330-f591-442a-a1f3-c1dfb9b01a7f', 'Some item title 181', '181', 'bd5b504d-b66f-48fc-ad4c-5bc061a94e02');
INSERT INTO "collectionitem" VALUES ('dba95658-7d71-48c7-aec7-6a76670e03ec', 'Some item title 182', '182', 'bd5b504d-b66f-48fc-ad4c-5bc061a94e02');
INSERT INTO "collectionitem" VALUES ('d2f8c976-d544-43b0-b338-4097e8593ec6', 'Some item title 183', '183', 'bd5b504d-b66f-48fc-ad4c-5bc061a94e02');
INSERT INTO "collectionitem" VALUES ('5d7ccef5-bbcb-4210-83ae-228fb0e70432', 'Some item title 184', '184', 'bd5b504d-b66f-48fc-ad4c-5bc061a94e02');
INSERT INTO "collectionitem" VALUES ('d4f6238d-29ee-49b1-a431-50a2533c51c7', 'Some item title 185', '185', 'bd5b504d-b66f-48fc-ad4c-5bc061a94e02');
INSERT INTO "collectionitem" VALUES ('ffc480bf-75fa-4509-a1ce-f6ad0a31ba25', 'Some item title 186', '186', 'bd5b504d-b66f-48fc-ad4c-5bc061a94e02');
INSERT INTO "collectionitem" VALUES ('37ad11e1-a3ef-475e-a78c-cb742e23cd2b', 'Some item title 187', '187', 'bd5b504d-b66f-48fc-ad4c-5bc061a94e02');
INSERT INTO "collectionitem" VALUES ('883922eb-205f-4932-86ac-55dae83d455c', 'Some item title 188', '188', 'a31d62b7-82af-4831-9543-adcf27e49ab8');
INSERT INTO "collectionitem" VALUES ('d3aac222-27ca-4e08-aaac-41abab4530c1', 'Some item title 189', '189', 'a31d62b7-82af-4831-9543-adcf27e49ab8');
INSERT INTO "collectionitem" VALUES ('3f780706-8897-4773-92d9-fd9dea430deb', 'Some item title 190', '190', 'a31d62b7-82af-4831-9543-adcf27e49ab8');
INSERT INTO "collectionitem" VALUES ('c2a6ec32-86b4-4302-908e-46ddd352310c', 'Some item title 191', '191', 'a31d62b7-82af-4831-9543-adcf27e49ab8');
INSERT INTO "collectionitem" VALUES ('afd86c7f-5026-4d58-9b26-57858c1ab745', 'Some item title 192', '192', 'a31d62b7-82af-4831-9543-adcf27e49ab8');
INSERT INTO "collectionitem" VALUES ('ebaf84da-35fe-41d7-b04b-f40acc0183eb', 'Some item title 193', '193', 'a31d62b7-82af-4831-9543-adcf27e49ab8');
INSERT INTO "collectionitem" VALUES ('adbafeba-86fe-4fbc-ae13-14fce60a4d2e', 'Some item title 194', '194', 'a31d62b7-82af-4831-9543-adcf27e49ab8');
INSERT INTO "collectionitem" VALUES ('d17d0b94-1838-4503-90e4-2fceae370ff7', 'Some item title 195', '195', 'a31d62b7-82af-4831-9543-adcf27e49ab8');
INSERT INTO "collectionitem" VALUES ('2cd0624b-d006-4fb0-a335-80271c63adf2', 'Some item title 196', '196', 'a31d62b7-82af-4831-9543-adcf27e49ab8');
INSERT INTO "collectionitem" VALUES ('9ac74bcb-60fd-444c-87ee-364e8b3c8c27', 'Some item title 197', '197', 'a31d62b7-82af-4831-9543-adcf27e49ab8');
INSERT INTO "collectionitem" VALUES ('fe8fa80b-41f1-4a0b-bbc1-003d23c2ce0d', 'Some item title 198', '198', '18e6d58f-eb11-46dd-8352-cee389a62687');
INSERT INTO "collectionitem" VALUES ('47cf5616-34ff-4343-ab5e-dbf1cad12b2a', 'Some item title 199', '199', '18e6d58f-eb11-46dd-8352-cee389a62687');
INSERT INTO "collectionitem" VALUES ('2ee514c2-fbbc-437c-b607-ea31959a443e', 'Some item title 200', '200', '18e6d58f-eb11-46dd-8352-cee389a62687');
INSERT INTO "collectionitem" VALUES ('68a048c2-2ecf-4d77-9ce4-aff66f377e3a', 'Some item title 201', '201', '18e6d58f-eb11-46dd-8352-cee389a62687');
INSERT INTO "collectionitem" VALUES ('701ceb9d-8f96-4d97-801d-4224034dccae', 'Some item title 202', '202', '18e6d58f-eb11-46dd-8352-cee389a62687');
INSERT INTO "collectionitem" VALUES ('01f60116-4525-4efd-8a11-e1941dd7df2b', 'Some item title 203', '203', '18e6d58f-eb11-46dd-8352-cee389a62687');
INSERT INTO "collectionitem" VALUES ('ffcf0258-2f13-4656-aefb-ac3933334efc', 'Some item title 204', '204', '18e6d58f-eb11-46dd-8352-cee389a62687');
INSERT INTO "collectionitem" VALUES ('ffcb70e5-8278-474c-b833-7dd24eaa55e2', 'Some item title 205', '205', '18e6d58f-eb11-46dd-8352-cee389a62687');
INSERT INTO "collectionitem" VALUES ('ed75a491-1fc6-4a80-8d66-d1c9bd64c063', 'Some item title 206', '206', '18e6d58f-eb11-46dd-8352-cee389a62687');
INSERT INTO "collectionitem" VALUES ('0ebab7e0-a142-44d2-b2ba-b76ea5dc0060', 'Some item title 207', '207', 'c3f3a202-135b-4cdf-958a-e17a8480c397');
INSERT INTO "collectionitem" VALUES ('40c3bc5e-d183-4378-8207-b2a871d99492', 'Some item title 208', '208', 'c3f3a202-135b-4cdf-958a-e17a8480c397');
INSERT INTO "collectionitem" VALUES ('fd56f469-e2c6-4723-bc0b-a29b80b9aadd', 'Some item title 209', '209', 'c3f3a202-135b-4cdf-958a-e17a8480c397');
INSERT INTO "collectionitem" VALUES ('8e51bfbf-0b4c-4b53-92f6-ac4fdcdcf09c', 'Some item title 210', '210', 'c3f3a202-135b-4cdf-958a-e17a8480c397');
INSERT INTO "collectionitem" VALUES ('9544a965-3e81-46a0-a44c-373e8702bcae', 'Some item title 211', '211', 'c3f3a202-135b-4cdf-958a-e17a8480c397');
INSERT INTO "collectionitem" VALUES ('4d2a65e9-6e31-4a4b-9288-da8369a9f7df', 'Some item title 212', '212', 'c3f3a202-135b-4cdf-958a-e17a8480c397');
INSERT INTO "collectionitem" VALUES ('c5f0fcfe-dfa3-4475-9700-07beb3157541', 'Some item title 213', '213', 'c3f3a202-135b-4cdf-958a-e17a8480c397');
INSERT INTO "collectionitem" VALUES ('40bf43c7-6cad-4f6b-bcfe-ec3b8b5a7d8f', 'Some item title 214', '214', 'e8e53abf-23b6-4654-9d65-ad02699d8138');
INSERT INTO "collectionitem" VALUES ('8db525a4-a754-4657-91e7-a826e931dfb9', 'Some item title 215', '215', 'e8e53abf-23b6-4654-9d65-ad02699d8138');
INSERT INTO "collectionitem" VALUES ('0e25fa9a-d6c1-48af-99de-2104c8f89702', 'Some item title 216', '216', 'e8e53abf-23b6-4654-9d65-ad02699d8138');
INSERT INTO "collectionitem" VALUES ('a1f56366-8789-4c4a-979e-d6d24c0a973e', 'Some item title 217', '217', 'e8e53abf-23b6-4654-9d65-ad02699d8138');
INSERT INTO "collectionitem" VALUES ('e2a760ba-6bae-48bc-a130-b8c347a9f8cf', 'Some item title 218', '218', 'e83fb541-5f2f-4870-baff-92ac161438e4');
INSERT INTO "collectionitem" VALUES ('b9776bfb-44ad-4b82-9e44-286ef0a977b7', 'Some item title 219', '219', 'e83fb541-5f2f-4870-baff-92ac161438e4');
INSERT INTO "collectionitem" VALUES ('611d7429-eef6-493c-85ba-6b0f555e881f', 'Some item title 220', '220', 'e83fb541-5f2f-4870-baff-92ac161438e4');
INSERT INTO "collectionitem" VALUES ('58759479-2846-4028-bae9-ee204eee8775', 'Some item title 221', '221', 'e83fb541-5f2f-4870-baff-92ac161438e4');
INSERT INTO "collectionitem" VALUES ('43f91778-aa19-4df4-94c8-73d9717c97ca', 'Some item title 222', '222', 'e83fb541-5f2f-4870-baff-92ac161438e4');
INSERT INTO "collectionitem" VALUES ('96f34d46-9f23-4a54-ba70-83e62bc582b6', 'Some item title 223', '223', 'e83fb541-5f2f-4870-baff-92ac161438e4');
INSERT INTO "collectionitem" VALUES ('1f21926f-f5fd-49ba-8887-a779e21ce0cd', 'Some item title 224', '224', '2a28d447-1f4f-4b6d-af63-a3952572ec49');
INSERT INTO "collectionitem" VALUES ('b3cb5bca-49d0-4d25-b6e0-d0f2fd38e61a', 'Some item title 225', '225', '2a28d447-1f4f-4b6d-af63-a3952572ec49');
INSERT INTO "collectionitem" VALUES ('c27331df-2d03-4e40-b1b6-4dd93425dcc0', 'Some item title 226', '226', '2a28d447-1f4f-4b6d-af63-a3952572ec49');
INSERT INTO "collectionitem" VALUES ('1b7616f5-3829-4c0e-b3de-e31169c1197d', 'Some item title 227', '227', '2a28d447-1f4f-4b6d-af63-a3952572ec49');
INSERT INTO "collectionitem" VALUES ('40da9a6e-7878-4873-bc1e-5bc907f1ea3c', 'Some item title 228', '228', '2a28d447-1f4f-4b6d-af63-a3952572ec49');
INSERT INTO "collectionitem" VALUES ('672c64aa-8639-4440-a3b3-2991acbc0852', 'Some item title 229', '229', '2a28d447-1f4f-4b6d-af63-a3952572ec49');
INSERT INTO "collectionitem" VALUES ('a1fb1ffd-64f8-4c70-8142-d73737f47fb6', 'Some item title 230', '230', '2a28d447-1f4f-4b6d-af63-a3952572ec49');
INSERT INTO "collectionitem" VALUES ('efd04926-c785-46e5-9a21-67ceb71b391b', 'Some item title 231', '231', '2a28d447-1f4f-4b6d-af63-a3952572ec49');
INSERT INTO "collectionitem" VALUES ('ac3d3d0a-5abf-4bc8-9e77-1607b5321606', 'Some item title 232', '232', '2dc21a3d-c15f-4738-ba5a-5d1235876282');
INSERT INTO "collectionitem" VALUES ('252acd53-d9c6-46b9-99c0-5c5f96b26eb2', 'Some item title 233', '233', '2dc21a3d-c15f-4738-ba5a-5d1235876282');
INSERT INTO "collectionitem" VALUES ('895d8a6a-a352-4ad0-b67b-514909bfc13f', 'Some item title 234', '234', '2dc21a3d-c15f-4738-ba5a-5d1235876282');
INSERT INTO "collectionitem" VALUES ('62e7cb30-5c1b-47b1-bb0c-909086950dde', 'Some item title 235', '235', '0d5fc354-b3dd-4b8b-8e35-8eb2ced7e9e3');
INSERT INTO "collectionitem" VALUES ('326819d3-960d-4ea3-b068-c99a00d7e530', 'Some item title 236', '236', '0d5fc354-b3dd-4b8b-8e35-8eb2ced7e9e3');
INSERT INTO "collectionitem" VALUES ('4bba171e-ba5e-4293-b27e-4cb033ad44fa', 'Some item title 237', '237', '0d5fc354-b3dd-4b8b-8e35-8eb2ced7e9e3');
INSERT INTO "collectionitem" VALUES ('958c6724-0810-47d6-b229-12a18d7d1f73', 'Some item title 238', '238', 'cc0bf3a8-1412-4b6c-a1fd-67c60f060a80');
INSERT INTO "collectionitem" VALUES ('7ac8c39c-c7ee-4235-9754-022421d40ec0', 'Some item title 239', '239', 'cc0bf3a8-1412-4b6c-a1fd-67c60f060a80');
INSERT INTO "collectionitem" VALUES ('b3380f07-b249-45ec-a1f0-2bfca352f663', 'Some item title 240', '240', 'cc0bf3a8-1412-4b6c-a1fd-67c60f060a80');
INSERT INTO "collectionitem" VALUES ('3e6813a0-58aa-41fb-8c0f-9207f6b5e211', 'Some item title 241', '241', 'cc0bf3a8-1412-4b6c-a1fd-67c60f060a80');
INSERT INTO "collectionitem" VALUES ('bcca2073-3219-4c7d-a75b-8a2276c92554', 'Some item title 242', '242', 'cc0bf3a8-1412-4b6c-a1fd-67c60f060a80');
INSERT INTO "collectionitem" VALUES ('ce38a0ee-a87f-4a68-856e-2986ae07ebcb', 'Some item title 243', '243', 'cc0bf3a8-1412-4b6c-a1fd-67c60f060a80');
INSERT INTO "collectionitem" VALUES ('391f72fc-d9fd-43a2-9821-4d9e40a06706', 'Some item title 244', '244', 'cc0bf3a8-1412-4b6c-a1fd-67c60f060a80');
INSERT INTO "collectionitem" VALUES ('0180c22b-3ca0-4fcc-b7b9-27ef2d281b1c', 'Some item title 245', '245', 'cc0bf3a8-1412-4b6c-a1fd-67c60f060a80');
INSERT INTO "collectionitem" VALUES ('158ddfa8-288e-4cdd-9aaf-001919d956ed', 'Some item title 246', '246', 'cc0bf3a8-1412-4b6c-a1fd-67c60f060a80');
INSERT INTO "collectionitem" VALUES ('8b3a4210-27d7-4208-8aad-cae87cc29834', 'Some item title 247', '247', '740536d5-a7ad-4d3f-a563-e76224df71f7');
INSERT INTO "collectionitem" VALUES ('9c9ae160-ab48-42f5-aa24-1cf4e4a53bb2', 'Some item title 248', '248', '740536d5-a7ad-4d3f-a563-e76224df71f7');
INSERT INTO "collectionitem" VALUES ('b8fc5cd8-d62a-446a-b365-0ecc5a9cc4c8', 'Some item title 249', '249', '740536d5-a7ad-4d3f-a563-e76224df71f7');
INSERT INTO "collectionitem" VALUES ('12d776cf-64b4-4b64-a646-1e73ddc1227a', 'Some item title 250', '250', '8f1ae9da-54fe-4f5e-b397-bbce6e8a1303');
INSERT INTO "collectionitem" VALUES ('287a8488-8679-4d32-ace0-7f62904306fd', 'Some item title 251', '251', '8f1ae9da-54fe-4f5e-b397-bbce6e8a1303');
INSERT INTO "collectionitem" VALUES ('d4c53b4b-3917-4baf-aaf7-e4926508689f', 'Some item title 252', '252', '8f1ae9da-54fe-4f5e-b397-bbce6e8a1303');
INSERT INTO "collectionitem" VALUES ('1d7ce464-34dc-4cfe-8ddf-ad32f73af648', 'Some item title 253', '253', '8f1ae9da-54fe-4f5e-b397-bbce6e8a1303');
INSERT INTO "collectionitem" VALUES ('16db5ef9-85ae-4611-9fbc-07a960cca46e', 'Some item title 254', '254', '12df6b48-204c-46bc-8665-74e9a83f597a');
INSERT INTO "collectionitem" VALUES ('8bfb4812-cccc-4b55-a0f9-d57101dda130', 'Some item title 255', '255', '12df6b48-204c-46bc-8665-74e9a83f597a');
INSERT INTO "collectionitem" VALUES ('32afcf3d-1ee3-4b04-b5a1-ddfe7e90532c', 'Some item title 256', '256', '12df6b48-204c-46bc-8665-74e9a83f597a');
INSERT INTO "collectionitem" VALUES ('8c940b97-cd76-4070-be6b-d58115afd78a', 'Some item title 257', '257', '12df6b48-204c-46bc-8665-74e9a83f597a');
INSERT INTO "collectionitem" VALUES ('5f69fdee-274c-4a18-b2bf-df5fed0de887', 'Some item title 258', '258', '12df6b48-204c-46bc-8665-74e9a83f597a');
INSERT INTO "collectionitem" VALUES ('c53c646c-2c38-4335-8b5d-6d5aa31c198c', 'Some item title 259', '259', '12df6b48-204c-46bc-8665-74e9a83f597a');
INSERT INTO "collectionitem" VALUES ('7b510dc4-9991-48d0-b9fa-6fbd989ce647', 'Some item title 260', '260', '137a0e69-c7c5-41b6-89e5-88b2c9d2273e');
INSERT INTO "collectionitem" VALUES ('a01744c3-21ef-4e37-b8f1-2316a6c1e5aa', 'Some item title 261', '261', '137a0e69-c7c5-41b6-89e5-88b2c9d2273e');
INSERT INTO "collectionitem" VALUES ('ead9d823-72cd-4632-9871-d52e66e17662', 'Some item title 262', '262', '137a0e69-c7c5-41b6-89e5-88b2c9d2273e');
INSERT INTO "collectionitem" VALUES ('55cae528-2bda-406e-b4fb-e0823888d55c', 'Some item title 263', '263', '137a0e69-c7c5-41b6-89e5-88b2c9d2273e');
INSERT INTO "collectionitem" VALUES ('478d00f0-f4a2-4b2a-a30d-457c99485238', 'Some item title 264', '264', '137a0e69-c7c5-41b6-89e5-88b2c9d2273e');
INSERT INTO "collectionitem" VALUES ('d161494e-b982-4e13-853c-81e51629978c', 'Some item title 265', '265', '137a0e69-c7c5-41b6-89e5-88b2c9d2273e');
INSERT INTO "collectionitem" VALUES ('e94ca04b-0110-49f1-8a24-663732a3433a', 'Some item title 266', '266', '137a0e69-c7c5-41b6-89e5-88b2c9d2273e');
INSERT INTO "collectionitem" VALUES ('3754a287-6962-4123-95ce-20f053ef67cf', 'Some item title 267', '267', '137a0e69-c7c5-41b6-89e5-88b2c9d2273e');
INSERT INTO "collectionitem" VALUES ('9cacca75-12d9-4216-a580-cfc425ea54fb', 'Some item title 268', '268', '137a0e69-c7c5-41b6-89e5-88b2c9d2273e');
INSERT INTO "collectionitem" VALUES ('d1b0ebad-f182-46cb-aae5-bd1b3eedb7b5', 'Some item title 269', '269', '137a0e69-c7c5-41b6-89e5-88b2c9d2273e');
INSERT INTO "collectionitem" VALUES ('9627c878-3d1d-4fa6-812c-326a1ce68f78', 'Some item title 270', '270', 'd3b659c3-5e2a-4379-89c3-71d8974245db');
INSERT INTO "collectionitem" VALUES ('1f8d75c2-e0e1-45fc-bb10-0e59890a9e7f', 'Some item title 271', '271', 'd3b659c3-5e2a-4379-89c3-71d8974245db');
INSERT INTO "collectionitem" VALUES ('7e99ebbc-4593-429c-b9e6-606a32a1aa83', 'Some item title 272', '272', 'd3b659c3-5e2a-4379-89c3-71d8974245db');
INSERT INTO "collectionitem" VALUES ('6159cf7e-b421-4bff-85e1-f0f380691f8c', 'Some item title 273', '273', 'd3b659c3-5e2a-4379-89c3-71d8974245db');
INSERT INTO "collectionitem" VALUES ('31c7b670-677f-421c-aa91-2b1d10bacb0c', 'Some item title 274', '274', 'd3b659c3-5e2a-4379-89c3-71d8974245db');
INSERT INTO "collectionitem" VALUES ('326d7847-d27b-4ad3-85d1-c8d6cb306e10', 'Some item title 275', '275', 'd3b659c3-5e2a-4379-89c3-71d8974245db');
INSERT INTO "collectionitem" VALUES ('29a77b1c-9b09-4966-8068-9d51ed7a4880', 'Some item title 276', '276', '2c54ef4b-c509-4ff5-b017-a5791c0a6b6b');
INSERT INTO "collectionitem" VALUES ('f21b732d-03e1-4f0d-8faa-376b04cc5934', 'Some item title 277', '277', '2c54ef4b-c509-4ff5-b017-a5791c0a6b6b');
INSERT INTO "collectionitem" VALUES ('e6d031e6-39bb-4ce0-bc5f-c5441a8a002f', 'Some item title 278', '278', '2c54ef4b-c509-4ff5-b017-a5791c0a6b6b');
INSERT INTO "collectionitem" VALUES ('5f30c917-6cff-477d-a2bf-ecc4960a4981', 'Some item title 279', '279', '2c54ef4b-c509-4ff5-b017-a5791c0a6b6b');
INSERT INTO "collectionitem" VALUES ('50e68f74-6393-4222-8ab4-2f5da01b9373', 'Some item title 280', '280', '2c54ef4b-c509-4ff5-b017-a5791c0a6b6b');
INSERT INTO "collectionitem" VALUES ('92a0fb40-a05e-4331-a02f-0c64c4d6aae6', 'Some item title 281', '281', '2c54ef4b-c509-4ff5-b017-a5791c0a6b6b');
INSERT INTO "collectionitem" VALUES ('47e4f206-06cc-4319-b8f0-b3f3a02d1701', 'Some item title 282', '282', 'b76665ec-a59a-4f1e-81f4-2293621274b8');
INSERT INTO "collectionitem" VALUES ('4b5ecc5d-2d76-417b-bdf3-0b67cee0013b', 'Some item title 283', '283', 'b76665ec-a59a-4f1e-81f4-2293621274b8');
INSERT INTO "collectionitem" VALUES ('59d136e8-a542-4381-8215-c8fae40d3c75', 'Some item title 284', '284', 'b76665ec-a59a-4f1e-81f4-2293621274b8');
INSERT INTO "collectionitem" VALUES ('d61889d0-19ad-470a-a4e9-a128ad3df9d0', 'Some item title 285', '285', 'b76665ec-a59a-4f1e-81f4-2293621274b8');
INSERT INTO "collectionitem" VALUES ('372ee5b8-4fc8-4a82-9454-21fafc59d83e', 'Some item title 286', '286', 'b76665ec-a59a-4f1e-81f4-2293621274b8');
INSERT INTO "collectionitem" VALUES ('ac49a34d-1582-4d6b-ae8e-e283c7604451', 'Some item title 287', '287', 'b76665ec-a59a-4f1e-81f4-2293621274b8');
INSERT INTO "collectionitem" VALUES ('00609425-47dc-49b9-af44-21c6e7381187', 'Some item title 288', '288', '754d8353-392c-44e4-aa96-34fce77a0bbd');
INSERT INTO "collectionitem" VALUES ('7f973caf-2121-4b1c-9bcb-c205d3cd7208', 'Some item title 289', '289', '754d8353-392c-44e4-aa96-34fce77a0bbd');
INSERT INTO "collectionitem" VALUES ('0e59cef1-853a-4566-97a4-465e531d3c2e', 'Some item title 290', '290', '754d8353-392c-44e4-aa96-34fce77a0bbd');
INSERT INTO "collectionitem" VALUES ('dd9e651e-6461-4653-948e-9a35b21d2d28', 'Some item title 291', '291', '810d1482-4638-4fe2-9481-0192514c80e2');
INSERT INTO "collectionitem" VALUES ('73a4e4b1-7f03-45f5-b109-31acac000776', 'Some item title 292', '292', '810d1482-4638-4fe2-9481-0192514c80e2');
INSERT INTO "collectionitem" VALUES ('6c6b52c7-9482-4419-b361-6b5aefcd6f1f', 'Some item title 293', '293', '810d1482-4638-4fe2-9481-0192514c80e2');
INSERT INTO "collectionitem" VALUES ('13507eb8-147f-43bf-85e7-682786ae9fc0', 'Some item title 294', '294', '810d1482-4638-4fe2-9481-0192514c80e2');
INSERT INTO "collectionitem" VALUES ('6ce45395-0c87-47bb-ac44-4d3c2be385ca', 'Some item title 295', '295', '810d1482-4638-4fe2-9481-0192514c80e2');
INSERT INTO "collectionitem" VALUES ('deebdbc6-0202-4c11-91a8-9a502b139068', 'Some item title 296', '296', '810d1482-4638-4fe2-9481-0192514c80e2');
INSERT INTO "collectionitem" VALUES ('10b38084-f8a3-42be-8f40-21a3e5800b08', 'Some item title 297', '297', 'a0239964-fbe2-408e-9a44-2c460474d3d1');
INSERT INTO "collectionitem" VALUES ('815b462b-2b35-42b9-b580-bde815245448', 'Some item title 298', '298', 'a0239964-fbe2-408e-9a44-2c460474d3d1');
INSERT INTO "collectionitem" VALUES ('c6cad375-f3d5-4d4b-b27e-5d75c3bebe3d', 'Some item title 299', '299', 'a0239964-fbe2-408e-9a44-2c460474d3d1');
INSERT INTO "collectionitem" VALUES ('83ccd92a-4974-435f-bd0e-d542eea4a1ee', 'Some item title 300', '300', 'a0239964-fbe2-408e-9a44-2c460474d3d1');
INSERT INTO "collectionitem" VALUES ('39d9b0ff-fd59-4df1-a54d-5b251a4e86c3', 'Some item title 301', '301', 'a0239964-fbe2-408e-9a44-2c460474d3d1');
INSERT INTO "collectionitem" VALUES ('7fdd57f8-8896-4fd2-9bac-eaa1aca8a6e9', 'Some item title 302', '302', 'a0239964-fbe2-408e-9a44-2c460474d3d1');
INSERT INTO "collectionitem" VALUES ('01471207-6622-4953-b609-8dad96532800', 'Some item title 303', '303', 'a0239964-fbe2-408e-9a44-2c460474d3d1');
INSERT INTO "collectionitem" VALUES ('69053394-59da-4d51-a212-1ebd7b5a38e3', 'Some item title 304', '304', 'a0239964-fbe2-408e-9a44-2c460474d3d1');
INSERT INTO "collectionitem" VALUES ('024277c3-5b18-4263-b6ff-994a2e6aa8a5', 'Some item title 305', '305', 'a0239964-fbe2-408e-9a44-2c460474d3d1');
INSERT INTO "collectionitem" VALUES ('fc4e923a-bc0e-4a51-bf98-9b5c62a67109', 'Some item title 306', '306', 'a0239964-fbe2-408e-9a44-2c460474d3d1');
INSERT INTO "collectionitem" VALUES ('6db2d887-2adf-46ef-9a77-942c99598507', 'Some item title 307', '307', '5c641bdb-3416-4c8f-b713-4ae6a75fc1e3');
INSERT INTO "collectionitem" VALUES ('ed176af7-d700-455b-a557-6f53938c319d', 'Some item title 308', '308', '5c641bdb-3416-4c8f-b713-4ae6a75fc1e3');
INSERT INTO "collectionitem" VALUES ('6ddd4dcc-53da-4378-8d17-c435791a3527', 'Some item title 309', '309', '5c641bdb-3416-4c8f-b713-4ae6a75fc1e3');
INSERT INTO "collectionitem" VALUES ('d667d7d9-36be-410d-bc59-1793fa121477', 'Some item title 310', '310', '5c641bdb-3416-4c8f-b713-4ae6a75fc1e3');
INSERT INTO "collectionitem" VALUES ('e1c3f77d-4549-4bc3-a6e3-5d2e93e08584', 'Some item title 311', '311', '5c641bdb-3416-4c8f-b713-4ae6a75fc1e3');
INSERT INTO "collectionitem" VALUES ('20dfd743-f60c-4b7e-bf14-2300a35102f4', 'Some item title 312', '312', '5c641bdb-3416-4c8f-b713-4ae6a75fc1e3');
INSERT INTO "collectionitem" VALUES ('c2d929fc-57f5-4757-b58b-1a8f9dba41be', 'Some item title 313', '313', '5c641bdb-3416-4c8f-b713-4ae6a75fc1e3');
INSERT INTO "collectionitem" VALUES ('0ccba94f-d127-44fd-8c3b-ab60c7a30fec', 'Some item title 314', '314', '5c641bdb-3416-4c8f-b713-4ae6a75fc1e3');
INSERT INTO "collectionitem" VALUES ('75db5cc1-a327-4751-b2fe-523957f6a92d', 'Some item title 315', '315', '89ad8f16-5bc8-4226-9721-f76a0d6ae95a');
INSERT INTO "collectionitem" VALUES ('22a48ac7-daa3-4e21-86d6-c02ceba24cd2', 'Some item title 316', '316', '89ad8f16-5bc8-4226-9721-f76a0d6ae95a');
INSERT INTO "collectionitem" VALUES ('6145f229-8d93-451c-acb3-1c5a4015921f', 'Some item title 317', '317', '89ad8f16-5bc8-4226-9721-f76a0d6ae95a');
INSERT INTO "collectionitem" VALUES ('2a02cd5a-12d5-4a65-929c-5bfa86c364d6', 'Some item title 318', '318', '89ad8f16-5bc8-4226-9721-f76a0d6ae95a');
INSERT INTO "collectionitem" VALUES ('06a159c1-e5fd-43eb-aae0-b0ea278d8cd8', 'Some item title 319', '319', '89ad8f16-5bc8-4226-9721-f76a0d6ae95a');
INSERT INTO "collectionitem" VALUES ('662cd691-3278-4f29-86fe-4eae465dae6d', 'Some item title 320', '320', '89ad8f16-5bc8-4226-9721-f76a0d6ae95a');
INSERT INTO "collectionitem" VALUES ('03308790-7bd5-43bc-97c0-8f8ccba2a653', 'Some item title 321', '321', '89ad8f16-5bc8-4226-9721-f76a0d6ae95a');
INSERT INTO "collectionitem" VALUES ('baba2d2a-3a2c-497d-a304-f255fb225434', 'Some item title 322', '322', '89ad8f16-5bc8-4226-9721-f76a0d6ae95a');
INSERT INTO "collectionitem" VALUES ('5b2a8e83-7610-45af-a7ba-35d5b57a303e', 'Some item title 323', '323', '89ad8f16-5bc8-4226-9721-f76a0d6ae95a');
INSERT INTO "collectionitem" VALUES ('f7528554-eee3-480c-aae9-dbbff2fb338b', 'Some item title 324', '324', 'b5336f06-912f-4b14-8a0e-da728d893575');
INSERT INTO "collectionitem" VALUES ('9fbaa51d-ba88-4cb4-bc3a-5e195a573220', 'Some item title 325', '325', 'b5336f06-912f-4b14-8a0e-da728d893575');
INSERT INTO "collectionitem" VALUES ('1714f9ad-c4b0-4dc5-81ae-6c6fe7f6cee7', 'Some item title 326', '326', 'b5336f06-912f-4b14-8a0e-da728d893575');
INSERT INTO "collectionitem" VALUES ('4f05e916-b273-45a8-9b54-e3b1fc4c0ba5', 'Some item title 327', '327', 'b5336f06-912f-4b14-8a0e-da728d893575');
INSERT INTO "collectionitem" VALUES ('0d168b94-5018-4f32-a7c8-180090c89d11', 'Some item title 328', '328', 'b5336f06-912f-4b14-8a0e-da728d893575');
INSERT INTO "collectionitem" VALUES ('8803ee50-addd-413d-86d9-3c9ea7191f72', 'Some item title 329', '329', 'b5336f06-912f-4b14-8a0e-da728d893575');
INSERT INTO "collectionitem" VALUES ('22666ea6-3a7e-4d4a-931e-8a4f527c86de', 'Some item title 330', '330', 'b5336f06-912f-4b14-8a0e-da728d893575');
INSERT INTO "collectionitem" VALUES ('0bf49149-bfb6-491b-945a-40c80bd9f303', 'Some item title 331', '331', 'b5336f06-912f-4b14-8a0e-da728d893575');
INSERT INTO "collectionitem" VALUES ('96e178b3-dcd6-43f6-8935-7a6cfed70f46', 'Some item title 332', '332', 'b5336f06-912f-4b14-8a0e-da728d893575');
INSERT INTO "collectionitem" VALUES ('e43b73eb-e825-46cd-9bdf-10da818e3dfc', 'Some item title 333', '333', 'c55ca512-6b34-43aa-9755-4a7f427222a6');
INSERT INTO "collectionitem" VALUES ('a7f75f05-f0f9-454a-a90e-6e4a1c6736e3', 'Some item title 334', '334', 'c55ca512-6b34-43aa-9755-4a7f427222a6');
INSERT INTO "collectionitem" VALUES ('34acf1e7-106c-47f6-a0ce-3d109a8438cf', 'Some item title 335', '335', 'c55ca512-6b34-43aa-9755-4a7f427222a6');
INSERT INTO "collectionitem" VALUES ('3b4156e3-eb18-4875-8b9b-eac28077683a', 'Some item title 336', '336', 'c55ca512-6b34-43aa-9755-4a7f427222a6');
INSERT INTO "collectionitem" VALUES ('6a4e0260-0c80-4fae-8f93-6b7ac430aea7', 'Some item title 337', '337', 'c55ca512-6b34-43aa-9755-4a7f427222a6');
INSERT INTO "collectionitem" VALUES ('7b3910de-eea8-4504-abb0-333fba6e541d', 'Some item title 338', '338', 'c55ca512-6b34-43aa-9755-4a7f427222a6');
INSERT INTO "collectionitem" VALUES ('68c8c1b4-6d14-4ca4-bfe0-ebdb13714203', 'Some item title 339', '339', 'c55ca512-6b34-43aa-9755-4a7f427222a6');
INSERT INTO "collectionitem" VALUES ('afcf1a29-ca7d-4a90-a2f6-9d7fd397ffab', 'Some item title 340', '340', 'c4c8b8ce-da71-4841-bb48-360ca2f92117');
INSERT INTO "collectionitem" VALUES ('e3fec1b6-91f3-4103-8628-902b359ecc27', 'Some item title 341', '341', 'c4c8b8ce-da71-4841-bb48-360ca2f92117');
INSERT INTO "collectionitem" VALUES ('b0ed7574-b6dc-44b2-9ec0-6f5db349b526', 'Some item title 342', '342', 'c4c8b8ce-da71-4841-bb48-360ca2f92117');
INSERT INTO "collectionitem" VALUES ('8f3e92d7-5b7c-41c3-9785-6173b8979740', 'Some item title 343', '343', 'c4c8b8ce-da71-4841-bb48-360ca2f92117');
INSERT INTO "collectionitem" VALUES ('ff1eb509-981a-4021-b9d5-f7a3c1d92278', 'Some item title 344', '344', 'c4c8b8ce-da71-4841-bb48-360ca2f92117');
INSERT INTO "collectionitem" VALUES ('eccc684a-db7b-4034-afda-b99dc9ee41c7', 'Some item title 345', '345', 'abd093e0-e68f-4edf-969e-63e301f15def');
INSERT INTO "collectionitem" VALUES ('1cfbf5bf-9be7-4cd9-b420-9220c356d638', 'Some item title 346', '346', 'abd093e0-e68f-4edf-969e-63e301f15def');
INSERT INTO "collectionitem" VALUES ('9c3e0469-5c08-42ea-a1d8-e1b624e60162', 'Some item title 347', '347', 'abd093e0-e68f-4edf-969e-63e301f15def');
INSERT INTO "collectionitem" VALUES ('01818fdd-b388-48ef-a35f-42f3ffedf020', 'Some item title 348', '348', 'abd093e0-e68f-4edf-969e-63e301f15def');
INSERT INTO "collectionitem" VALUES ('0a4c5780-86af-47e9-b05f-160689749d2a', 'Some item title 349', '349', 'bfe283f8-8a9c-47fa-a867-43423f0ef4f6');
INSERT INTO "collectionitem" VALUES ('3f2b1452-9957-4805-bc8d-f2526eebd31e', 'Some item title 350', '350', 'bfe283f8-8a9c-47fa-a867-43423f0ef4f6');
INSERT INTO "collectionitem" VALUES ('8612578c-7f24-4a3f-874a-dad03e11b42b', 'Some item title 351', '351', 'bfe283f8-8a9c-47fa-a867-43423f0ef4f6');
INSERT INTO "collectionitem" VALUES ('f2bf4842-5548-4dcd-9278-d7f380040623', 'Some item title 352', '352', 'bfe283f8-8a9c-47fa-a867-43423f0ef4f6');
INSERT INTO "collectionitem" VALUES ('eadedb7d-42d9-49c8-b74d-8e07104ccad3', 'Some item title 353', '353', 'bfe283f8-8a9c-47fa-a867-43423f0ef4f6');
INSERT INTO "collectionitem" VALUES ('77d35024-2ffb-4c1f-aad3-fb6c1177b8c3', 'Some item title 354', '354', '3e2b9c1e-3168-494d-9725-741edc0ee64f');
INSERT INTO "collectionitem" VALUES ('7302be6e-5c28-46d8-b30e-361b3c811cb5', 'Some item title 355', '355', '3e2b9c1e-3168-494d-9725-741edc0ee64f');
INSERT INTO "collectionitem" VALUES ('8e0c18cd-c50b-4212-93eb-48a72b9e8a70', 'Some item title 356', '356', '3e2b9c1e-3168-494d-9725-741edc0ee64f');
INSERT INTO "collectionitem" VALUES ('bb2fecce-0db8-414a-a1d9-4a94a5e5760a', 'Some item title 357', '357', '3e2b9c1e-3168-494d-9725-741edc0ee64f');
INSERT INTO "collectionitem" VALUES ('89132829-8df3-4499-8783-3b3a721d76ed', 'Some item title 358', '358', '3e2b9c1e-3168-494d-9725-741edc0ee64f');
INSERT INTO "collectionitem" VALUES ('30a20bc0-68b5-4836-a3d6-3a2196aceb49', 'Some item title 359', '359', '3e2b9c1e-3168-494d-9725-741edc0ee64f');
INSERT INTO "collectionitem" VALUES ('8e3ac878-3e78-4fe8-8761-e7e0c9e6dc7f', 'Some item title 360', '360', '3e2b9c1e-3168-494d-9725-741edc0ee64f');
INSERT INTO "collectionitem" VALUES ('38dfc91c-53e1-47af-b0c2-26c28f8c713f', 'Some item title 361', '361', '2067684c-2bb6-46ad-9818-ebc7078be2d8');
INSERT INTO "collectionitem" VALUES ('74fca28c-5cb8-4689-b0b5-549a8a6dcc16', 'Some item title 362', '362', '2067684c-2bb6-46ad-9818-ebc7078be2d8');
INSERT INTO "collectionitem" VALUES ('3cae5466-fa06-4514-91d7-ce5c8d9a55fc', 'Some item title 363', '363', '2067684c-2bb6-46ad-9818-ebc7078be2d8');
INSERT INTO "collectionitem" VALUES ('7164dffc-30b6-4b00-bd1a-52e7b4648c65', 'Some item title 364', '364', '2067684c-2bb6-46ad-9818-ebc7078be2d8');
INSERT INTO "collectionitem" VALUES ('a5da4d5d-e84e-47bb-98e9-09c73f736cc8', 'Some item title 365', '365', '2067684c-2bb6-46ad-9818-ebc7078be2d8');
INSERT INTO "collectionitem" VALUES ('53043bd3-c67e-45b7-ab99-281e55ef9547', 'Some item title 366', '366', '2067684c-2bb6-46ad-9818-ebc7078be2d8');
INSERT INTO "collectionitem" VALUES ('370ad3b2-2d43-4a7d-92c0-10323c02eb32', 'Some item title 367', '367', '2067684c-2bb6-46ad-9818-ebc7078be2d8');
INSERT INTO "collectionitem" VALUES ('a4b59899-d013-422a-b19c-3b9c2a0cd220', 'Some item title 368', '368', '2067684c-2bb6-46ad-9818-ebc7078be2d8');
INSERT INTO "collectionitem" VALUES ('a130a912-8bcc-4d54-b9d8-331ee44a7b87', 'Some item title 369', '369', '2067684c-2bb6-46ad-9818-ebc7078be2d8');
INSERT INTO "collectionitem" VALUES ('0de743db-4713-4f40-8605-ea0a9fa748b1', 'Some item title 370', '370', 'e8a32619-4618-4e98-90f9-7b48e90b6739');
INSERT INTO "collectionitem" VALUES ('f6b43849-d3b5-4ff7-b991-460f14f8b84f', 'Some item title 371', '371', 'e8a32619-4618-4e98-90f9-7b48e90b6739');
INSERT INTO "collectionitem" VALUES ('248d3ac8-9a79-4033-b98a-eb4f34e1c774', 'Some item title 372', '372', 'e8a32619-4618-4e98-90f9-7b48e90b6739');
INSERT INTO "collectionitem" VALUES ('d9b5b44d-b7c7-4646-875c-03cfead7e67b', 'Some item title 373', '373', 'e8a32619-4618-4e98-90f9-7b48e90b6739');
INSERT INTO "collectionitem" VALUES ('1230e09f-24ea-4a4d-9c70-5b1e9f2e04a2', 'Some item title 374', '374', 'e8a32619-4618-4e98-90f9-7b48e90b6739');
INSERT INTO "collectionitem" VALUES ('b64c5431-b9cb-4fc6-88cf-5ff83669df6a', 'Some item title 375', '375', 'e8a32619-4618-4e98-90f9-7b48e90b6739');
INSERT INTO "collectionitem" VALUES ('f4687109-290e-4d74-ad36-71b8d000b12d', 'Some item title 376', '376', 'e8a32619-4618-4e98-90f9-7b48e90b6739');
INSERT INTO "collectionitem" VALUES ('29ed428b-f376-40bb-a8a6-06c229f0e0c2', 'Some item title 377', '377', 'e8a32619-4618-4e98-90f9-7b48e90b6739');
INSERT INTO "collectionitem" VALUES ('998e1563-2943-4c10-b93b-47e548c9a55a', 'Some item title 378', '378', 'e8a32619-4618-4e98-90f9-7b48e90b6739');
INSERT INTO "collectionitem" VALUES ('ba68b576-6059-4248-959f-14a46ebae594', 'Some item title 379', '379', 'e8a32619-4618-4e98-90f9-7b48e90b6739');
INSERT INTO "collectionitem" VALUES ('28074048-053d-4b1d-a6e5-9efa0644b0f3', 'Some item title 380', '380', '619dd1bc-7d95-46c3-be21-c8961a3063dd');
INSERT INTO "collectionitem" VALUES ('fa97167b-1ca3-4aaf-a02a-e8fa53cdce77', 'Some item title 381', '381', '619dd1bc-7d95-46c3-be21-c8961a3063dd');
INSERT INTO "collectionitem" VALUES ('ae75cd32-d507-44ea-aa83-a76f31660761', 'Some item title 382', '382', '619dd1bc-7d95-46c3-be21-c8961a3063dd');
INSERT INTO "collectionitem" VALUES ('72a122b3-c10f-4547-97f9-74229b60d159', 'Some item title 383', '383', '619dd1bc-7d95-46c3-be21-c8961a3063dd');
INSERT INTO "collectionitem" VALUES ('a22926e7-7b22-49ce-b9ac-32638f923076', 'Some item title 384', '384', '619dd1bc-7d95-46c3-be21-c8961a3063dd');
INSERT INTO "collectionitem" VALUES ('a28af8b1-1a65-4527-b973-b88951e814a3', 'Some item title 385', '385', '619dd1bc-7d95-46c3-be21-c8961a3063dd');
INSERT INTO "collectionitem" VALUES ('3af4751c-7907-4b11-8d54-0cde49c761ad', 'Some item title 386', '386', '619dd1bc-7d95-46c3-be21-c8961a3063dd');
INSERT INTO "collectionitem" VALUES ('1648d90f-f65f-499d-b84a-c9a7ba7ac491', 'Some item title 387', '387', '619dd1bc-7d95-46c3-be21-c8961a3063dd');
INSERT INTO "collectionitem" VALUES ('e8922341-c0ec-4c43-9cd9-43ebd11fff61', 'Some item title 388', '388', '619dd1bc-7d95-46c3-be21-c8961a3063dd');
INSERT INTO "collectionitem" VALUES ('411f39f2-ef6f-4377-b218-2ec4f078be6d', 'Some item title 389', '389', '619dd1bc-7d95-46c3-be21-c8961a3063dd');
INSERT INTO "collectionitem" VALUES ('2290852f-4234-4cb5-ae80-aea376409a5d', 'Some item title 390', '390', '1cd0366a-8c9a-4332-974e-35e9ade4673a');
INSERT INTO "collectionitem" VALUES ('67556cec-e331-404e-a8e7-19cfdb9e3fd4', 'Some item title 391', '391', '1cd0366a-8c9a-4332-974e-35e9ade4673a');
INSERT INTO "collectionitem" VALUES ('d3065539-f46f-4c32-acb9-260b0e804d73', 'Some item title 392', '392', '1cd0366a-8c9a-4332-974e-35e9ade4673a');
INSERT INTO "collectionitem" VALUES ('1cb05d4c-eec3-48dd-9266-027b7c2d9e3d', 'Some item title 393', '393', '1cd0366a-8c9a-4332-974e-35e9ade4673a');
INSERT INTO "collectionitem" VALUES ('08106ebf-dc99-4ea5-ae63-642fdfedad04', 'Some item title 394', '394', '1cd0366a-8c9a-4332-974e-35e9ade4673a');
INSERT INTO "collectionitem" VALUES ('5bb57128-fe8b-4914-90fc-c54ecce566ff', 'Some item title 395', '395', '1cd0366a-8c9a-4332-974e-35e9ade4673a');
INSERT INTO "collectionitem" VALUES ('a57424ec-7f53-48bd-aa41-f3f2c758b288', 'Some item title 396', '396', '1cd0366a-8c9a-4332-974e-35e9ade4673a');
INSERT INTO "collectionitem" VALUES ('9e66282f-b436-4c00-aef0-c7943a6f8e48', 'Some item title 397', '397', '1cd0366a-8c9a-4332-974e-35e9ade4673a');
INSERT INTO "collectionitem" VALUES ('a54baaeb-6472-44ac-a28b-d8a269383502', 'Some item title 398', '398', '7aff364d-e466-4e6a-a090-9b940dd8b468');
INSERT INTO "collectionitem" VALUES ('a91f03b7-1c1e-4b54-9b64-c6a6c9cd8071', 'Some item title 399', '399', '7aff364d-e466-4e6a-a090-9b940dd8b468');
INSERT INTO "collectionitem" VALUES ('1f60097e-7bd3-4d59-a231-437ae95ae9a6', 'Some item title 400', '400', '7aff364d-e466-4e6a-a090-9b940dd8b468');
INSERT INTO "collectionitem" VALUES ('a4a680b9-80fc-48d9-bddb-97ba59c95744', 'Some item title 401', '401', '7aff364d-e466-4e6a-a090-9b940dd8b468');
INSERT INTO "collectionitem" VALUES ('8e627a10-5b1e-4e3d-884b-29eb26947c89', 'Some item title 402', '402', '7aff364d-e466-4e6a-a090-9b940dd8b468');
INSERT INTO "collectionitem" VALUES ('57ed4afd-cf02-4d17-a4d4-06185a14dad8', 'Some item title 403', '403', '7aff364d-e466-4e6a-a090-9b940dd8b468');
INSERT INTO "collectionitem" VALUES ('26d44295-2c51-4b10-b0af-ea4bce0482bc', 'Some item title 404', '404', '7aff364d-e466-4e6a-a090-9b940dd8b468');
INSERT INTO "collectionitem" VALUES ('1b474342-7c53-4f33-819a-b185c1d61ee4', 'Some item title 405', '405', 'cec7b579-2519-4697-990e-ac4e5344ac11');
INSERT INTO "collectionitem" VALUES ('80009bd4-5e54-4e44-ba60-85d50229ac23', 'Some item title 406', '406', 'cec7b579-2519-4697-990e-ac4e5344ac11');
INSERT INTO "collectionitem" VALUES ('0ebc1c78-d544-4246-b3f4-acaa460262d8', 'Some item title 407', '407', 'cec7b579-2519-4697-990e-ac4e5344ac11');
INSERT INTO "collectionitem" VALUES ('5eecbf23-961e-4fe0-8dbd-fa07f387c985', 'Some item title 408', '408', 'cec7b579-2519-4697-990e-ac4e5344ac11');
INSERT INTO "collectionitem" VALUES ('2f25bf1b-4564-4e29-b6b7-a82add238144', 'Some item title 409', '409', 'cec7b579-2519-4697-990e-ac4e5344ac11');
INSERT INTO "collectionitem" VALUES ('aeae0682-1a27-405d-85cc-aa3fa88c582f', 'Some item title 410', '410', '324bc2ef-921e-413a-aee8-3848619d6f71');
INSERT INTO "collectionitem" VALUES ('8d60b019-dfb4-4990-89d6-6d0b468a0914', 'Some item title 411', '411', '324bc2ef-921e-413a-aee8-3848619d6f71');
INSERT INTO "collectionitem" VALUES ('e0f51d7f-83ff-4748-8a42-0799080ddd23', 'Some item title 412', '412', '324bc2ef-921e-413a-aee8-3848619d6f71');
INSERT INTO "collectionitem" VALUES ('aecc7269-0ea1-4f7d-85f1-2271a3636708', 'Some item title 413', '413', '324bc2ef-921e-413a-aee8-3848619d6f71');
INSERT INTO "collectionitem" VALUES ('2cca056d-8798-4834-91b2-41e6a477775a', 'Some item title 414', '414', '324bc2ef-921e-413a-aee8-3848619d6f71');
INSERT INTO "collectionitem" VALUES ('ee852d93-7c10-4cd5-826c-19b6cbc61c1a', 'Some item title 415', '415', '324bc2ef-921e-413a-aee8-3848619d6f71');
INSERT INTO "collectionitem" VALUES ('89115262-0ddf-4fbd-8cdb-cfce62d8ce9e', 'Some item title 416', '416', '324bc2ef-921e-413a-aee8-3848619d6f71');
INSERT INTO "collectionitem" VALUES ('777891e0-b820-4f39-8800-c5af575b2e34', 'Some item title 417', '417', '324bc2ef-921e-413a-aee8-3848619d6f71');
INSERT INTO "collectionitem" VALUES ('c7cf54b9-3e48-4ae9-94c5-fdf1c98e377f', 'Some item title 418', '418', 'ee1da460-021c-4fd5-815c-a71888e28990');
INSERT INTO "collectionitem" VALUES ('b1aa3dbb-b2a8-4e24-b617-0efaaa7ddaa5', 'Some item title 419', '419', 'ee1da460-021c-4fd5-815c-a71888e28990');
INSERT INTO "collectionitem" VALUES ('fe34c57c-24a8-4730-a031-64c43eeb5c98', 'Some item title 420', '420', 'ee1da460-021c-4fd5-815c-a71888e28990');
INSERT INTO "collectionitem" VALUES ('e3833313-576c-4c2c-986c-a86b901f3284', 'Some item title 421', '421', 'ee1da460-021c-4fd5-815c-a71888e28990');
INSERT INTO "collectionitem" VALUES ('ea633e2b-5d8f-4601-a847-b66857a32563', 'Some item title 422', '422', 'ee1da460-021c-4fd5-815c-a71888e28990');
INSERT INTO "collectionitem" VALUES ('94d96e35-ca11-4836-994e-2e19ca759d20', 'Some item title 423', '423', 'ee1da460-021c-4fd5-815c-a71888e28990');
INSERT INTO "collectionitem" VALUES ('0fe5430d-2551-40d5-bf0b-6e840118990e', 'Some item title 424', '424', 'ee1da460-021c-4fd5-815c-a71888e28990');
INSERT INTO "collectionitem" VALUES ('6c0a3b44-dc12-46fa-886b-854340f2835a', 'Some item title 425', '425', 'ee1da460-021c-4fd5-815c-a71888e28990');
INSERT INTO "collectionitem" VALUES ('126c8e35-f429-4129-8485-ab8d68cd3878', 'Some item title 426', '426', '0cda5a32-fd0e-479e-a463-e8b4b9e13e08');
INSERT INTO "collectionitem" VALUES ('aed07b95-bcf9-4e8f-b7ca-ee3c67d082cd', 'Some item title 427', '427', '0cda5a32-fd0e-479e-a463-e8b4b9e13e08');
INSERT INTO "collectionitem" VALUES ('8d5f693c-acac-43a4-b57a-d83f2817e9fb', 'Some item title 428', '428', '0cda5a32-fd0e-479e-a463-e8b4b9e13e08');
INSERT INTO "collectionitem" VALUES ('e353b2b3-ca04-41ae-87a3-454d36b51dcf', 'Some item title 429', '429', '0cda5a32-fd0e-479e-a463-e8b4b9e13e08');
INSERT INTO "collectionitem" VALUES ('a363aeab-718b-41bb-9483-12af81081416', 'Some item title 430', '430', '0cda5a32-fd0e-479e-a463-e8b4b9e13e08');
INSERT INTO "collectionitem" VALUES ('233c39ae-648d-43a6-9d8d-7a20f691ba6f', 'Some item title 431', '431', '0cda5a32-fd0e-479e-a463-e8b4b9e13e08');
INSERT INTO "collectionitem" VALUES ('325d7ed1-0f6d-4880-aea9-8ded7fc69588', 'Some item title 432', '432', '0cda5a32-fd0e-479e-a463-e8b4b9e13e08');
INSERT INTO "collectionitem" VALUES ('e03503ab-5602-468a-a8e2-1c4dc7c91462', 'Some item title 433', '433', '0cda5a32-fd0e-479e-a463-e8b4b9e13e08');
INSERT INTO "collectionitem" VALUES ('f02ec9af-2a23-4470-8d88-3eeb9cf9713b', 'Some item title 434', '434', 'a9649d06-2076-48ff-bab3-c1d9c3640313');
INSERT INTO "collectionitem" VALUES ('c61fbb0a-0f4d-4a2c-8e7c-98051dbae3cd', 'Some item title 435', '435', 'a9649d06-2076-48ff-bab3-c1d9c3640313');
INSERT INTO "collectionitem" VALUES ('9d938ae3-2766-4068-b767-73ec64013e62', 'Some item title 436', '436', 'a9649d06-2076-48ff-bab3-c1d9c3640313');
INSERT INTO "collectionitem" VALUES ('7785f048-e29b-491a-8b71-a16b5ba938d1', 'Some item title 437', '437', 'fa8a1e0f-3440-4b78-8478-c5bf44d38c5c');
INSERT INTO "collectionitem" VALUES ('ef7bf030-0b88-4814-a690-f6c35f53e37c', 'Some item title 438', '438', 'fa8a1e0f-3440-4b78-8478-c5bf44d38c5c');
INSERT INTO "collectionitem" VALUES ('c372bafb-71c7-4036-8202-3030e83f7347', 'Some item title 439', '439', 'fa8a1e0f-3440-4b78-8478-c5bf44d38c5c');
INSERT INTO "collectionitem" VALUES ('7972d5ac-81ed-492d-9065-86efa3ea5e15', 'Some item title 440', '440', '04beedbb-a274-4302-a724-76f838603371');
INSERT INTO "collectionitem" VALUES ('2e8f9701-caa7-47b3-94de-818894ead77d', 'Some item title 441', '441', '04beedbb-a274-4302-a724-76f838603371');
INSERT INTO "collectionitem" VALUES ('92af7b51-ec43-423f-b6a3-8aec9a2634b5', 'Some item title 442', '442', '04beedbb-a274-4302-a724-76f838603371');
INSERT INTO "collectionitem" VALUES ('5cbc33aa-1416-4efc-b069-aa9553a87a23', 'Some item title 443', '443', 'b56502a8-0b98-4967-8f5c-8f930ec9c74a');
INSERT INTO "collectionitem" VALUES ('c231b387-d8a9-47e1-80f2-4be483d8af9f', 'Some item title 444', '444', 'b56502a8-0b98-4967-8f5c-8f930ec9c74a');
INSERT INTO "collectionitem" VALUES ('76d0a97c-89fd-4350-bb83-4d73bd9be5be', 'Some item title 445', '445', 'b56502a8-0b98-4967-8f5c-8f930ec9c74a');
INSERT INTO "collectionitem" VALUES ('4cffd721-a3dc-4143-bf6a-eec32aa8e6e3', 'Some item title 446', '446', 'b56502a8-0b98-4967-8f5c-8f930ec9c74a');
INSERT INTO "collectionitem" VALUES ('0bc10772-2b10-481d-bdf1-86fae56fdc4d', 'Some item title 447', '447', 'b56502a8-0b98-4967-8f5c-8f930ec9c74a');
INSERT INTO "collectionitem" VALUES ('a34a7d78-18af-44f3-8e32-e767fa918654', 'Some item title 448', '448', 'b56502a8-0b98-4967-8f5c-8f930ec9c74a');
INSERT INTO "collectionitem" VALUES ('c039d6c4-4a3f-4f2e-961e-6123c5f26714', 'Some item title 449', '449', 'b56502a8-0b98-4967-8f5c-8f930ec9c74a');
INSERT INTO "collectionitem" VALUES ('c4850821-0584-4c82-9867-027d5fd69e8c', 'Some item title 450', '450', 'b56502a8-0b98-4967-8f5c-8f930ec9c74a');
INSERT INTO "collectionitem" VALUES ('7e05709d-d528-48b1-8a58-1a055cbbd928', 'Some item title 451', '451', 'c825661a-fcc5-47f0-a2b8-773221b2993a');
INSERT INTO "collectionitem" VALUES ('af8b1bdd-bddc-4cd2-9272-173158d53a54', 'Some item title 452', '452', 'c825661a-fcc5-47f0-a2b8-773221b2993a');
INSERT INTO "collectionitem" VALUES ('00922c65-1480-4665-b7d6-af3ae947070f', 'Some item title 453', '453', 'c825661a-fcc5-47f0-a2b8-773221b2993a');
INSERT INTO "collectionitem" VALUES ('73df1096-ec94-4047-9774-f3adb690a010', 'Some item title 454', '454', 'c825661a-fcc5-47f0-a2b8-773221b2993a');
INSERT INTO "collectionitem" VALUES ('528284fb-76fd-4214-bea8-aa1c0d641695', 'Some item title 455', '455', 'c825661a-fcc5-47f0-a2b8-773221b2993a');
INSERT INTO "collectionitem" VALUES ('670d3365-1b09-4140-800c-7984e26ddce7', 'Some item title 456', '456', 'c825661a-fcc5-47f0-a2b8-773221b2993a');
INSERT INTO "collectionitem" VALUES ('c24ad1d3-cfa6-4078-be27-f2e1e110db1d', 'Some item title 457', '457', 'c825661a-fcc5-47f0-a2b8-773221b2993a');
INSERT INTO "collectionitem" VALUES ('c5794c36-df62-424c-b54b-5a6a41ea61f2', 'Some item title 458', '458', 'c825661a-fcc5-47f0-a2b8-773221b2993a');
INSERT INTO "collectionitem" VALUES ('d801dbe9-41ad-40ae-b6d6-adcbaf0beeb4', 'Some item title 459', '459', 'c825661a-fcc5-47f0-a2b8-773221b2993a');
INSERT INTO "collectionitem" VALUES ('d6700231-4361-4939-ba26-683376ed3246', 'Some item title 460', '460', '79de50f2-534d-4edc-b3d6-e54ed865a06a');
INSERT INTO "collectionitem" VALUES ('d9b57ed3-6b9f-41f4-963e-eeeb03299f42', 'Some item title 461', '461', '79de50f2-534d-4edc-b3d6-e54ed865a06a');
INSERT INTO "collectionitem" VALUES ('3cf93706-53b0-4773-853a-dab2e4f29503', 'Some item title 462', '462', '79de50f2-534d-4edc-b3d6-e54ed865a06a');
INSERT INTO "collectionitem" VALUES ('25f96fff-9c1c-40b3-a5f6-97d192d69943', 'Some item title 463', '463', '79de50f2-534d-4edc-b3d6-e54ed865a06a');
INSERT INTO "collectionitem" VALUES ('ca4a36bc-e711-41d7-b0ca-89ae71fb29b8', 'Some item title 464', '464', '79de50f2-534d-4edc-b3d6-e54ed865a06a');
INSERT INTO "collectionitem" VALUES ('f26fb9da-b653-4f43-ba43-72f072667509', 'Some item title 465', '465', '79de50f2-534d-4edc-b3d6-e54ed865a06a');
INSERT INTO "collectionitem" VALUES ('3abaa723-9540-461b-bef6-55989f792dc6', 'Some item title 466', '466', 'f329b2fb-588a-4fb5-a8a1-5e8ae55b909b');
INSERT INTO "collectionitem" VALUES ('37d2643b-9777-40aa-8ee3-2213e00fba58', 'Some item title 467', '467', 'f329b2fb-588a-4fb5-a8a1-5e8ae55b909b');
INSERT INTO "collectionitem" VALUES ('3465561a-2ae6-48d9-9c9e-d166940afe8f', 'Some item title 468', '468', 'f329b2fb-588a-4fb5-a8a1-5e8ae55b909b');
INSERT INTO "collectionitem" VALUES ('08371875-43b5-4680-8d5f-2e200b06448c', 'Some item title 469', '469', 'f329b2fb-588a-4fb5-a8a1-5e8ae55b909b');
INSERT INTO "collectionitem" VALUES ('b9137dba-d5c7-464e-b158-9f3c55ed95b5', 'Some item title 470', '470', 'f329b2fb-588a-4fb5-a8a1-5e8ae55b909b');
INSERT INTO "collectionitem" VALUES ('44a6f1e0-06e1-4723-b080-4a4e4ea3deff', 'Some item title 471', '471', 'f329b2fb-588a-4fb5-a8a1-5e8ae55b909b');
INSERT INTO "collectionitem" VALUES ('be4af436-582b-4c12-8233-ae47e9063ec3', 'Some item title 472', '472', 'f329b2fb-588a-4fb5-a8a1-5e8ae55b909b');
INSERT INTO "collectionitem" VALUES ('046818a3-5848-4b72-8bb3-993fe43c0382', 'Some item title 473', '473', 'f329b2fb-588a-4fb5-a8a1-5e8ae55b909b');
INSERT INTO "collectionitem" VALUES ('85bd05de-1874-4872-a58f-42ae7e2acf1d', 'Some item title 474', '474', 'cfac31a6-bb68-4e8c-ac54-ca6179d7d27e');
INSERT INTO "collectionitem" VALUES ('f1d36c7b-43f4-4c11-a5a4-ce024d018a3d', 'Some item title 475', '475', 'cfac31a6-bb68-4e8c-ac54-ca6179d7d27e');
INSERT INTO "collectionitem" VALUES ('56ab4312-42ec-4a84-8c49-c0aae3a8c661', 'Some item title 476', '476', 'cfac31a6-bb68-4e8c-ac54-ca6179d7d27e');
INSERT INTO "collectionitem" VALUES ('f1bcf3c4-0242-41f2-a704-77ad572000b2', 'Some item title 477', '477', 'cfac31a6-bb68-4e8c-ac54-ca6179d7d27e');
INSERT INTO "collectionitem" VALUES ('6d5ff751-8f6f-40c0-a728-454cb4f19040', 'Some item title 478', '478', 'cfac31a6-bb68-4e8c-ac54-ca6179d7d27e');
INSERT INTO "collectionitem" VALUES ('d4004cfe-df6f-459e-912c-5e383f8e577a', 'Some item title 479', '479', 'ac9e937a-ae64-47a8-8e15-cd143feaf50d');
INSERT INTO "collectionitem" VALUES ('a5720649-1c1e-415d-843e-225a6276f113', 'Some item title 480', '480', 'ac9e937a-ae64-47a8-8e15-cd143feaf50d');
INSERT INTO "collectionitem" VALUES ('c26ecc5d-4a07-4d28-9107-d5186cc52df0', 'Some item title 481', '481', 'ac9e937a-ae64-47a8-8e15-cd143feaf50d');
INSERT INTO "collectionitem" VALUES ('90945c2f-b14e-4553-9135-1a139c74adab', 'Some item title 482', '482', 'ac9e937a-ae64-47a8-8e15-cd143feaf50d');
INSERT INTO "collectionitem" VALUES ('00cfac1f-13ca-4e18-a078-9d3e8d86ca04', 'Some item title 483', '483', 'ac9e937a-ae64-47a8-8e15-cd143feaf50d');
INSERT INTO "collectionitem" VALUES ('102980d9-eb29-4ee0-a5b3-9d46a7e0ca61', 'Some item title 484', '484', '78a60584-a02d-4c82-8f99-b58e3816402d');
INSERT INTO "collectionitem" VALUES ('a5bd7e4a-f7cf-492d-bd33-a09ab22a47ff', 'Some item title 485', '485', '78a60584-a02d-4c82-8f99-b58e3816402d');
INSERT INTO "collectionitem" VALUES ('a4641c0d-c5ca-4f3b-86c2-12590fb383de', 'Some item title 486', '486', '78a60584-a02d-4c82-8f99-b58e3816402d');
INSERT INTO "collectionitem" VALUES ('04a663bb-781d-4adf-b4a0-1f435330d4de', 'Some item title 487', '487', '78a60584-a02d-4c82-8f99-b58e3816402d');
INSERT INTO "collectionitem" VALUES ('f40b9ce0-a94f-4438-95aa-21046b866229', 'Some item title 488', '488', '78a60584-a02d-4c82-8f99-b58e3816402d');
INSERT INTO "collectionitem" VALUES ('76d325d4-ece4-42a7-88cd-f33a39d5c2e2', 'Some item title 489', '489', '78a60584-a02d-4c82-8f99-b58e3816402d');
INSERT INTO "collectionitem" VALUES ('6f24c277-0dc1-4a66-b15e-eadecfee4d30', 'Some item title 490', '490', '2ba9ee71-5de3-4551-90dd-ffa5c83624d4');
INSERT INTO "collectionitem" VALUES ('cc95bd1d-90ed-4a8b-b465-8a6a3218d5ad', 'Some item title 491', '491', '2ba9ee71-5de3-4551-90dd-ffa5c83624d4');
INSERT INTO "collectionitem" VALUES ('e72ba137-efe8-407e-b1c4-e9412db7e05d', 'Some item title 492', '492', '2ba9ee71-5de3-4551-90dd-ffa5c83624d4');
INSERT INTO "collectionitem" VALUES ('0405d209-7cea-4bc0-b429-b15de38f0a87', 'Some item title 493', '493', '2ba9ee71-5de3-4551-90dd-ffa5c83624d4');
INSERT INTO "collectionitem" VALUES ('9deac691-8f5e-49dc-b0a8-11fa42521764', 'Some item title 494', '494', 'f813001b-c80a-481c-8e31-02bc202e9f04');
INSERT INTO "collectionitem" VALUES ('87dbbaf3-f669-46ce-b534-1dc5a784bf03', 'Some item title 495', '495', 'f813001b-c80a-481c-8e31-02bc202e9f04');
INSERT INTO "collectionitem" VALUES ('3bf7ff80-23c6-4801-9471-35e8cb6eda2d', 'Some item title 496', '496', 'f813001b-c80a-481c-8e31-02bc202e9f04');
INSERT INTO "collectionitem" VALUES ('d3c03153-1b84-42eb-8a36-524af4ed3d84', 'Some item title 497', '497', 'f813001b-c80a-481c-8e31-02bc202e9f04');
INSERT INTO "collectionitem" VALUES ('32efdd20-95bd-4e22-91d7-32eab190b6ce', 'Some item title 498', '498', 'f813001b-c80a-481c-8e31-02bc202e9f04');
INSERT INTO "collectionitem" VALUES ('1fb9985d-a208-4700-8d46-19dd2ee3a28c', 'Some item title 499', '499', 'f813001b-c80a-481c-8e31-02bc202e9f04');
INSERT INTO "collectionitem" VALUES ('8bff0761-f352-44ed-a169-38b0551a657b', 'Some item title 500', '500', 'f813001b-c80a-481c-8e31-02bc202e9f04');
INSERT INTO "collectionitem" VALUES ('2b4ed82e-0c7a-42f7-863c-7ef3b631616f', 'Some item title 501', '501', 'f813001b-c80a-481c-8e31-02bc202e9f04');
INSERT INTO "collectionitem" VALUES ('07033a20-5dc5-4aa3-b738-a0673a7042de', 'Some item title 502', '502', '6f8f0c45-8f94-4053-b4ec-d885645182f4');
INSERT INTO "collectionitem" VALUES ('da0d5aeb-1dd9-49f4-b9ce-b2c354350149', 'Some item title 503', '503', '6f8f0c45-8f94-4053-b4ec-d885645182f4');
INSERT INTO "collectionitem" VALUES ('aac96c66-43a8-4140-b39c-9d9e3fb9005a', 'Some item title 504', '504', '6f8f0c45-8f94-4053-b4ec-d885645182f4');
INSERT INTO "collectionitem" VALUES ('2985d017-be69-4316-82e2-d7f10cec9023', 'Some item title 505', '505', '0517fec6-2fad-428d-a3a5-6fee400879bf');
INSERT INTO "collectionitem" VALUES ('cd3c4224-a00a-4a4b-abd4-62990dc6b1a4', 'Some item title 506', '506', '0517fec6-2fad-428d-a3a5-6fee400879bf');
INSERT INTO "collectionitem" VALUES ('a3c23851-348a-458e-8d1e-3bc67b04b7dd', 'Some item title 507', '507', '0517fec6-2fad-428d-a3a5-6fee400879bf');
INSERT INTO "collectionitem" VALUES ('d0908946-ce66-455e-9b5a-3e335e95e029', 'Some item title 508', '508', '0517fec6-2fad-428d-a3a5-6fee400879bf');
INSERT INTO "collectionitem" VALUES ('756e7b58-a27b-490a-8732-2f0314315e99', 'Some item title 509', '509', '0517fec6-2fad-428d-a3a5-6fee400879bf');
INSERT INTO "collectionitem" VALUES ('16985e38-57fc-43a1-80d2-34e577d28030', 'Some item title 510', '510', '0517fec6-2fad-428d-a3a5-6fee400879bf');
INSERT INTO "collectionitem" VALUES ('a8f92b8f-3f10-4b8d-b1aa-993dffe4468b', 'Some item title 511', '511', '0517fec6-2fad-428d-a3a5-6fee400879bf');
INSERT INTO "collectionitem" VALUES ('f51af1d8-613b-4ff4-8ca2-df04a9207a86', 'Some item title 512', '512', '0517fec6-2fad-428d-a3a5-6fee400879bf');
INSERT INTO "collectionitem" VALUES ('40c18232-1c02-4748-837e-d033dfe5c2c6', 'Some item title 513', '513', '0517fec6-2fad-428d-a3a5-6fee400879bf');
INSERT INTO "collectionitem" VALUES ('5c6d6974-c030-4ea2-917f-ce2f8980e32e', 'Some item title 514', '514', 'e7d984ae-3b9a-4daf-ad7a-c8a33fb935de');
INSERT INTO "collectionitem" VALUES ('688975d5-0741-478a-b412-14c42cb9fd45', 'Some item title 515', '515', 'e7d984ae-3b9a-4daf-ad7a-c8a33fb935de');
INSERT INTO "collectionitem" VALUES ('bd34f5f4-c9c8-4403-a106-20a5f8c58b5f', 'Some item title 516', '516', 'e7d984ae-3b9a-4daf-ad7a-c8a33fb935de');
INSERT INTO "collectionitem" VALUES ('29daae68-e923-4a03-93e4-6bff65dc1944', 'Some item title 517', '517', 'e7d984ae-3b9a-4daf-ad7a-c8a33fb935de');
INSERT INTO "collectionitem" VALUES ('e19074a2-dfd6-414d-8031-2dd20e814d60', 'Some item title 518', '518', 'e7d984ae-3b9a-4daf-ad7a-c8a33fb935de');
INSERT INTO "collectionitem" VALUES ('fee98028-b80e-4efb-9a24-defee87d9a1c', 'Some item title 519', '519', 'e7d984ae-3b9a-4daf-ad7a-c8a33fb935de');
INSERT INTO "collectionitem" VALUES ('d8f9dbed-5929-4f34-88ab-624e562ff478', 'Some item title 520', '520', 'e7d984ae-3b9a-4daf-ad7a-c8a33fb935de');
INSERT INTO "collectionitem" VALUES ('14698fbf-1006-4c5c-8ea9-23cedf05df9a', 'Some item title 521', '521', 'e7d984ae-3b9a-4daf-ad7a-c8a33fb935de');
INSERT INTO "collectionitem" VALUES ('a4c9aa7b-f9c3-4a00-b817-735229577b88', 'Some item title 522', '522', 'e7d984ae-3b9a-4daf-ad7a-c8a33fb935de');
INSERT INTO "collectionitem" VALUES ('563161d7-4e64-412f-9dc5-842406f2e190', 'Some item title 523', '523', '5d1527ac-1374-4f1a-9092-187e46dbb500');
INSERT INTO "collectionitem" VALUES ('594dbfd4-2abb-49ea-8346-574b1009c5f9', 'Some item title 524', '524', '5d1527ac-1374-4f1a-9092-187e46dbb500');
INSERT INTO "collectionitem" VALUES ('840c77ac-aebc-48e6-84a6-1b41f799c550', 'Some item title 525', '525', '5d1527ac-1374-4f1a-9092-187e46dbb500');
INSERT INTO "collectionitem" VALUES ('d64d7daf-039c-487d-8081-6ce23d95f475', 'Some item title 526', '526', '5d1527ac-1374-4f1a-9092-187e46dbb500');
INSERT INTO "collectionitem" VALUES ('aeb7c2fb-9a3a-4915-b608-187130ce6427', 'Some item title 527', '527', '5d1527ac-1374-4f1a-9092-187e46dbb500');
INSERT INTO "collectionitem" VALUES ('8909cb54-2252-4790-837d-a35da0ca4056', 'Some item title 528', '528', '5d1527ac-1374-4f1a-9092-187e46dbb500');
INSERT INTO "collectionitem" VALUES ('4c5c0b6a-8e82-4e50-b1bf-1285a480ff3a', 'Some item title 529', '529', '5d1527ac-1374-4f1a-9092-187e46dbb500');
INSERT INTO "collectionitem" VALUES ('67e3c6fa-bf88-4b12-a3a4-74a9a01a4c9e', 'Some item title 530', '530', '5d1527ac-1374-4f1a-9092-187e46dbb500');
INSERT INTO "collectionitem" VALUES ('1f0b40a9-7915-49bf-a521-8ffd00965ba8', 'Some item title 531', '531', '3a37fba0-cb9d-4caf-b2ae-cc6726d96d1c');
INSERT INTO "collectionitem" VALUES ('69f386b6-ba27-49b4-b174-f025b17b7d7b', 'Some item title 532', '532', '3a37fba0-cb9d-4caf-b2ae-cc6726d96d1c');
INSERT INTO "collectionitem" VALUES ('02ee21d2-499e-41d6-bdcc-5ea9437a47d8', 'Some item title 533', '533', '3a37fba0-cb9d-4caf-b2ae-cc6726d96d1c');
INSERT INTO "collectionitem" VALUES ('b45d6674-1af2-48ec-a8c9-77d9955dafa0', 'Some item title 534', '534', '3a37fba0-cb9d-4caf-b2ae-cc6726d96d1c');
INSERT INTO "collectionitem" VALUES ('613441d0-56a7-4081-96ab-011ff46e4c90', 'Some item title 535', '535', '3a37fba0-cb9d-4caf-b2ae-cc6726d96d1c');
INSERT INTO "collectionitem" VALUES ('fb14a5aa-f329-4efc-a194-4d3f6394bc4d', 'Some item title 536', '536', '3a37fba0-cb9d-4caf-b2ae-cc6726d96d1c');
INSERT INTO "collectionitem" VALUES ('c11d7a58-9773-4ff7-be5e-2af21da266ef', 'Some item title 537', '537', '3a37fba0-cb9d-4caf-b2ae-cc6726d96d1c');
INSERT INTO "collectionitem" VALUES ('b4edad9b-8768-4e14-9d89-601664c209d9', 'Some item title 538', '538', '3a37fba0-cb9d-4caf-b2ae-cc6726d96d1c');
INSERT INTO "collectionitem" VALUES ('57d7fae2-0e8f-4557-93ea-7b9368bfeb76', 'Some item title 539', '539', '3a37fba0-cb9d-4caf-b2ae-cc6726d96d1c');
INSERT INTO "collectionitem" VALUES ('f9e674f3-ffbd-490a-8122-50cfef301ab1', 'Some item title 540', '540', '3a37fba0-cb9d-4caf-b2ae-cc6726d96d1c');
INSERT INTO "collectionitem" VALUES ('5a9f4053-3fd5-4fd0-9456-e8bf7cea2aa4', 'Some item title 541', '541', '2f70d749-83e9-4236-9553-12fd3991a9bb');
INSERT INTO "collectionitem" VALUES ('d61ccb8a-1e42-4ff6-a7fc-12965679806b', 'Some item title 542', '542', '2f70d749-83e9-4236-9553-12fd3991a9bb');
INSERT INTO "collectionitem" VALUES ('d18b67be-c072-4008-b37f-f718f100ec14', 'Some item title 543', '543', '2f70d749-83e9-4236-9553-12fd3991a9bb');
INSERT INTO "collectionitem" VALUES ('7c14803d-0f7c-484b-bc5f-84e93a0dc6f3', 'Some item title 544', '544', '2f70d749-83e9-4236-9553-12fd3991a9bb');
INSERT INTO "collectionitem" VALUES ('a2b9dbfe-f1b9-428d-9a0b-91057d8b3f2d', 'Some item title 545', '545', '2f70d749-83e9-4236-9553-12fd3991a9bb');
INSERT INTO "collectionitem" VALUES ('83a21d3d-2162-4a04-8722-30b75e89e35f', 'Some item title 546', '546', '2f70d749-83e9-4236-9553-12fd3991a9bb');
INSERT INTO "collectionitem" VALUES ('7a8f0821-ba0a-44a6-8f05-79a2794f031d', 'Some item title 547', '547', '2f70d749-83e9-4236-9553-12fd3991a9bb');
INSERT INTO "collectionitem" VALUES ('f6eeb24c-9fcf-4f68-b82b-153c46de5d39', 'Some item title 548', '548', '2f70d749-83e9-4236-9553-12fd3991a9bb');
INSERT INTO "collectionitem" VALUES ('4ecf90bc-4e33-47c0-845d-872ad890df25', 'Some item title 549', '549', 'daca4996-21f5-417e-b15b-a4a0978cd8f7');
INSERT INTO "collectionitem" VALUES ('2cb73253-4cea-4373-8ebf-9d2dd6fda490', 'Some item title 550', '550', 'daca4996-21f5-417e-b15b-a4a0978cd8f7');
INSERT INTO "collectionitem" VALUES ('4fc2a9bb-a330-40d4-8ca8-84073314a61a', 'Some item title 551', '551', 'daca4996-21f5-417e-b15b-a4a0978cd8f7');
INSERT INTO "collectionitem" VALUES ('c94c45a3-fd50-4428-a2b0-9332625046cd', 'Some item title 552', '552', 'daca4996-21f5-417e-b15b-a4a0978cd8f7');
INSERT INTO "collectionitem" VALUES ('2fcd890e-2920-4ed1-ad74-84f7dc5aa0c9', 'Some item title 553', '553', 'daca4996-21f5-417e-b15b-a4a0978cd8f7');
INSERT INTO "collectionitem" VALUES ('68502e4e-a954-4d24-a3cf-b112fcbdb466', 'Some item title 554', '554', 'daca4996-21f5-417e-b15b-a4a0978cd8f7');
INSERT INTO "collectionitem" VALUES ('12625a9d-ec76-4e5e-a94f-7d5ea561ebb1', 'Some item title 555', '555', 'daca4996-21f5-417e-b15b-a4a0978cd8f7');
INSERT INTO "collectionitem" VALUES ('9b8be879-f611-4170-8b72-2da137908470', 'Some item title 556', '556', 'daca4996-21f5-417e-b15b-a4a0978cd8f7');
INSERT INTO "collectionitem" VALUES ('0a995fce-1fff-4fe0-87ec-05c07e5856f7', 'Some item title 557', '557', 'daca4996-21f5-417e-b15b-a4a0978cd8f7');
INSERT INTO "collectionitem" VALUES ('8f90897e-4775-4983-bbba-f2fa6549a653', 'Some item title 558', '558', '24f5c7a7-1201-47ff-8139-23c375a7a51e');
INSERT INTO "collectionitem" VALUES ('753d07b4-5097-49ed-8e2d-7c83c4f07509', 'Some item title 559', '559', '24f5c7a7-1201-47ff-8139-23c375a7a51e');
INSERT INTO "collectionitem" VALUES ('64883990-0f84-4ef1-9238-9c3a4fa5954d', 'Some item title 560', '560', '24f5c7a7-1201-47ff-8139-23c375a7a51e');
INSERT INTO "collectionitem" VALUES ('6f73ec31-6893-425c-a949-fcdc9400cf3b', 'Some item title 561', '561', '24f5c7a7-1201-47ff-8139-23c375a7a51e');
INSERT INTO "collectionitem" VALUES ('e3d12460-b3a8-4517-8311-a3cf1edda734', 'Some item title 562', '562', '24f5c7a7-1201-47ff-8139-23c375a7a51e');
INSERT INTO "collectionitem" VALUES ('67d49e06-7696-44fd-9dfa-4e06d3bcfa96', 'Some item title 563', '563', '24f5c7a7-1201-47ff-8139-23c375a7a51e');
INSERT INTO "collectionitem" VALUES ('6421b1de-3861-4b34-9ba2-e05f15da7ebe', 'Some item title 564', '564', '670732f0-4b3a-4256-bca1-476d15b89a76');
INSERT INTO "collectionitem" VALUES ('2e1a7f16-9646-4739-b818-c1d9003453a1', 'Some item title 565', '565', '670732f0-4b3a-4256-bca1-476d15b89a76');
INSERT INTO "collectionitem" VALUES ('8d42e1d1-afad-4993-bedd-2e97e7c44d54', 'Some item title 566', '566', '670732f0-4b3a-4256-bca1-476d15b89a76');
INSERT INTO "collectionitem" VALUES ('a5c0d306-c57e-462f-9a20-818b5669b08e', 'Some item title 567', '567', '670732f0-4b3a-4256-bca1-476d15b89a76');
INSERT INTO "collectionitem" VALUES ('cbffd9d6-e57b-4bf1-9667-6d3058a75504', 'Some item title 568', '568', '630cb9d6-9500-4c16-bdb4-f068733adef3');
INSERT INTO "collectionitem" VALUES ('b3a31fce-738f-4f91-b24d-771cc02ba31b', 'Some item title 569', '569', '630cb9d6-9500-4c16-bdb4-f068733adef3');
INSERT INTO "collectionitem" VALUES ('d1623c09-27f0-4f18-bc01-c8808fa02a79', 'Some item title 570', '570', '630cb9d6-9500-4c16-bdb4-f068733adef3');
INSERT INTO "collectionitem" VALUES ('eff741b8-8b18-42c8-971e-bcf630704db5', 'Some item title 571', '571', '630cb9d6-9500-4c16-bdb4-f068733adef3');
INSERT INTO "collectionitem" VALUES ('fcbaf3f6-7e62-483a-a4f1-7b2b1c4f5d24', 'Some item title 572', '572', '483c30b9-94e8-44ff-ac2d-4dc22c75f8cc');
INSERT INTO "collectionitem" VALUES ('cb946da2-e21e-4e2b-b79d-d8cadbf3944f', 'Some item title 573', '573', '483c30b9-94e8-44ff-ac2d-4dc22c75f8cc');
INSERT INTO "collectionitem" VALUES ('c0354d82-0ce7-405e-8ebb-41e391d7f68a', 'Some item title 574', '574', '483c30b9-94e8-44ff-ac2d-4dc22c75f8cc');
INSERT INTO "collectionitem" VALUES ('b85b0888-792e-447c-8071-054beb4da4ae', 'Some item title 575', '575', '483c30b9-94e8-44ff-ac2d-4dc22c75f8cc');
INSERT INTO "collectionitem" VALUES ('b0c75d46-569e-4ae1-9ad3-f044d57bcbf7', 'Some item title 576', '576', '483c30b9-94e8-44ff-ac2d-4dc22c75f8cc');
INSERT INTO "collectionitem" VALUES ('476deef3-f25a-4cdb-a338-f70e900e9433', 'Some item title 577', '577', '483c30b9-94e8-44ff-ac2d-4dc22c75f8cc');
INSERT INTO "collectionitem" VALUES ('9d7f831c-0e83-4d7d-b96a-edaf732f5b02', 'Some item title 578', '578', '483c30b9-94e8-44ff-ac2d-4dc22c75f8cc');
INSERT INTO "collectionitem" VALUES ('5a1afab4-02c2-4cbd-871f-32900b177142', 'Some item title 579', '579', '483c30b9-94e8-44ff-ac2d-4dc22c75f8cc');
INSERT INTO "collectionitem" VALUES ('53f62871-f963-463a-817f-f09d5a728f10', 'Some item title 580', '580', '483c30b9-94e8-44ff-ac2d-4dc22c75f8cc');
INSERT INTO "collectionitem" VALUES ('2ca75b6b-1f4e-472f-9e71-83c3d9b9974b', 'Some item title 581', '581', '483c30b9-94e8-44ff-ac2d-4dc22c75f8cc');
INSERT INTO "collectionitem" VALUES ('3f68cfcb-381f-465a-9597-bbbf7704dfc3', 'Some item title 582', '582', '3c31703c-3a15-4677-9b40-97a9a70ed607');
INSERT INTO "collectionitem" VALUES ('c7c0d730-7cec-4108-82dc-31d789b322c2', 'Some item title 583', '583', '3c31703c-3a15-4677-9b40-97a9a70ed607');
INSERT INTO "collectionitem" VALUES ('f7b8df58-1bcd-4342-a6a7-2dcfd578ab25', 'Some item title 584', '584', '3c31703c-3a15-4677-9b40-97a9a70ed607');
INSERT INTO "collectionitem" VALUES ('cbfb87ad-b32d-42b2-b5f2-5c5d39866150', 'Some item title 585', '585', '3c31703c-3a15-4677-9b40-97a9a70ed607');
INSERT INTO "collectionitem" VALUES ('1d8203c6-b4f3-4386-9f0d-45683c998dd1', 'Some item title 586', '586', '3c31703c-3a15-4677-9b40-97a9a70ed607');
INSERT INTO "collectionitem" VALUES ('9e7bda97-3f5e-4f00-ac20-31ea698b7908', 'Some item title 587', '587', '3c31703c-3a15-4677-9b40-97a9a70ed607');
INSERT INTO "collectionitem" VALUES ('483f6230-32dc-4e2b-9ac6-41fbc8babc11', 'Some item title 588', '588', '3c31703c-3a15-4677-9b40-97a9a70ed607');
INSERT INTO "collectionitem" VALUES ('370b2ef2-db6b-4c4e-ae5a-f62ac92719de', 'Some item title 589', '589', '3c31703c-3a15-4677-9b40-97a9a70ed607');
INSERT INTO "collectionitem" VALUES ('29564c58-7d5b-452c-b30f-df1bfe4a50fd', 'Some item title 590', '590', '3c31703c-3a15-4677-9b40-97a9a70ed607');
INSERT INTO "collectionitem" VALUES ('c8afc725-d826-43b4-ab3a-c4b58d426287', 'Some item title 591', '591', '3c31703c-3a15-4677-9b40-97a9a70ed607');
INSERT INTO "collectionitem" VALUES ('3de4ce79-a085-47c6-a96b-88ee2ab0841a', 'Some item title 592', '592', 'ff6f5546-41f0-4cef-8083-5ce3652f06bf');
INSERT INTO "collectionitem" VALUES ('0b6704fb-1c75-4941-a943-5ec8d41c2330', 'Some item title 593', '593', 'ff6f5546-41f0-4cef-8083-5ce3652f06bf');
INSERT INTO "collectionitem" VALUES ('c5eca5bb-640c-452c-a580-619644c1efa2', 'Some item title 594', '594', 'ff6f5546-41f0-4cef-8083-5ce3652f06bf');
INSERT INTO "collectionitem" VALUES ('7e7a5be3-bcd1-4d22-9267-aa792adc55ff', 'Some item title 595', '595', 'ff6f5546-41f0-4cef-8083-5ce3652f06bf');
INSERT INTO "collectionitem" VALUES ('f061f288-b35e-4a1c-b9a1-33e04b26dbc3', 'Some item title 596', '596', 'ff6f5546-41f0-4cef-8083-5ce3652f06bf');
INSERT INTO "collectionitem" VALUES ('44295025-73f2-44e7-b86b-37b3ed1912d7', 'Some item title 597', '597', 'ff6f5546-41f0-4cef-8083-5ce3652f06bf');
INSERT INTO "collectionitem" VALUES ('0d608531-8e84-4018-9e0e-a4534476e712', 'Some item title 598', '598', 'ff6f5546-41f0-4cef-8083-5ce3652f06bf');
INSERT INTO "collectionitem" VALUES ('c4317be3-be5d-4fe5-a113-e057078b8b6e', 'Some item title 599', '599', 'ff6f5546-41f0-4cef-8083-5ce3652f06bf');
INSERT INTO "collectionitem" VALUES ('91bb93b9-1288-4aea-8d09-6244041d7166', 'Some item title 600', '600', '963f9127-38da-405a-b185-69d8f9dc9230');
INSERT INTO "collectionitem" VALUES ('4557521b-3796-4fbb-8d7c-24b5067f35d3', 'Some item title 601', '601', '963f9127-38da-405a-b185-69d8f9dc9230');
INSERT INTO "collectionitem" VALUES ('7d67b69d-f7a9-4be0-8d33-da5f54bb72e5', 'Some item title 602', '602', '963f9127-38da-405a-b185-69d8f9dc9230');
INSERT INTO "collectionitem" VALUES ('df238193-2552-4da8-9508-c14d35a82bc7', 'Some item title 603', '603', '963f9127-38da-405a-b185-69d8f9dc9230');
INSERT INTO "collectionitem" VALUES ('c916398f-632b-471f-8882-b7766dc0690f', 'Some item title 604', '604', '963f9127-38da-405a-b185-69d8f9dc9230');
INSERT INTO "collectionitem" VALUES ('78215710-86ac-4d84-bd23-2df8872b9e8b', 'Some item title 605', '605', '963f9127-38da-405a-b185-69d8f9dc9230');
INSERT INTO "collectionitem" VALUES ('d6dc3c01-ba8d-4933-b04a-46443853e2dc', 'Some item title 606', '606', '963f9127-38da-405a-b185-69d8f9dc9230');
INSERT INTO "collectionitem" VALUES ('fb664ed7-45fd-4ae7-b5d0-3f6bdaf78f42', 'Some item title 607', '607', 'e05a2410-28c9-4fa8-bcdb-db683cc66a86');
INSERT INTO "collectionitem" VALUES ('179782af-db24-42ae-a67a-475d5afd5816', 'Some item title 608', '608', 'e05a2410-28c9-4fa8-bcdb-db683cc66a86');
INSERT INTO "collectionitem" VALUES ('316076f7-9dcf-47b4-82b3-e4d992b863e4', 'Some item title 609', '609', 'e05a2410-28c9-4fa8-bcdb-db683cc66a86');
INSERT INTO "collectionitem" VALUES ('a3aebba2-90c9-415f-b4fb-54b0b9fcc82f', 'Some item title 610', '610', 'e05a2410-28c9-4fa8-bcdb-db683cc66a86');
INSERT INTO "collectionitem" VALUES ('d8612189-1dfa-4b71-aebe-0fa6fb7f8bf6', 'Some item title 611', '611', 'e05a2410-28c9-4fa8-bcdb-db683cc66a86');
INSERT INTO "collectionitem" VALUES ('3ad08b22-a8b8-41ad-b53b-e85bcd2e4f8c', 'Some item title 612', '612', 'e05a2410-28c9-4fa8-bcdb-db683cc66a86');
INSERT INTO "collectionitem" VALUES ('2edb7da0-de04-4bbb-90e4-1d30d348437a', 'Some item title 613', '613', 'e05a2410-28c9-4fa8-bcdb-db683cc66a86');
INSERT INTO "collectionitem" VALUES ('cf789061-1cd6-40b2-9e2d-ffe2bbd68a79', 'Some item title 614', '614', 'e05a2410-28c9-4fa8-bcdb-db683cc66a86');
INSERT INTO "collectionitem" VALUES ('c03ae96d-c88d-47fa-8d87-bcc502843e40', 'Some item title 615', '615', '55f370f1-540b-4763-8991-5ffe28ecf6e2');
INSERT INTO "collectionitem" VALUES ('02bb4544-4929-4158-b7de-3c09320d6f3e', 'Some item title 616', '616', '55f370f1-540b-4763-8991-5ffe28ecf6e2');
INSERT INTO "collectionitem" VALUES ('a98aaac8-7153-4b48-b293-83dd264d1364', 'Some item title 617', '617', '55f370f1-540b-4763-8991-5ffe28ecf6e2');
INSERT INTO "collectionitem" VALUES ('6b598aac-f27e-40e4-9471-54615a974122', 'Some item title 618', '618', '55f370f1-540b-4763-8991-5ffe28ecf6e2');
INSERT INTO "collectionitem" VALUES ('91579232-3657-413c-aa41-34e5829cf175', 'Some item title 619', '619', '55f370f1-540b-4763-8991-5ffe28ecf6e2');
INSERT INTO "collectionitem" VALUES ('5f388450-0d8f-4a00-9f80-cefc3f870176', 'Some item title 620', '620', '55f370f1-540b-4763-8991-5ffe28ecf6e2');
INSERT INTO "collectionitem" VALUES ('a83ebf0d-dc73-4bb6-a74d-8fd09ef4bd20', 'Some item title 621', '621', '55f370f1-540b-4763-8991-5ffe28ecf6e2');
INSERT INTO "collectionitem" VALUES ('00e465dd-8ab3-4d19-b96a-abc42ee2b319', 'Some item title 622', '622', '55f370f1-540b-4763-8991-5ffe28ecf6e2');
INSERT INTO "collectionitem" VALUES ('7852189b-9284-4d7f-8774-e9f701141444', 'Some item title 623', '623', 'd7c8efca-2b84-42b7-aa3d-9622904ba488');
INSERT INTO "collectionitem" VALUES ('73a23476-f37b-408d-bce8-867b791bb25a', 'Some item title 624', '624', 'd7c8efca-2b84-42b7-aa3d-9622904ba488');
INSERT INTO "collectionitem" VALUES ('8712fcf3-35ac-4079-8c30-adfbe2eb84c2', 'Some item title 625', '625', 'd7c8efca-2b84-42b7-aa3d-9622904ba488');
INSERT INTO "collectionitem" VALUES ('22e14981-ae58-452e-9a91-45ed1ffce58b', 'Some item title 626', '626', '94fe0577-c1d3-4f72-969d-baa6941ff14a');
INSERT INTO "collectionitem" VALUES ('3d1e63d3-c94c-4606-8b36-e797318dfe2f', 'Some item title 627', '627', '94fe0577-c1d3-4f72-969d-baa6941ff14a');
INSERT INTO "collectionitem" VALUES ('8ac0a493-b37d-4553-916c-e38caa39b7fa', 'Some item title 628', '628', '94fe0577-c1d3-4f72-969d-baa6941ff14a');
INSERT INTO "collectionitem" VALUES ('78c2daee-70b4-49d5-ad50-cc3d79db73f3', 'Some item title 629', '629', '94fe0577-c1d3-4f72-969d-baa6941ff14a');
INSERT INTO "collectionitem" VALUES ('bbf97d43-f3fc-4603-b78a-e49a8cd70480', 'Some item title 630', '630', '94fe0577-c1d3-4f72-969d-baa6941ff14a');
INSERT INTO "collectionitem" VALUES ('e9939fb4-cc8b-45c3-8905-7abbde87a345', 'Some item title 631', '631', '94fe0577-c1d3-4f72-969d-baa6941ff14a');
INSERT INTO "collectionitem" VALUES ('b5e0b3e6-7f58-4856-b5de-641e5607dae0', 'Some item title 632', '632', '94fe0577-c1d3-4f72-969d-baa6941ff14a');
INSERT INTO "collectionitem" VALUES ('e2351aa1-8d30-42d7-bddf-66300db16d7a', 'Some item title 633', '633', '94fe0577-c1d3-4f72-969d-baa6941ff14a');
INSERT INTO "collectionitem" VALUES ('97cfd782-d999-47fc-90c8-f1a4a0459b1f', 'Some item title 634', '634', '94fe0577-c1d3-4f72-969d-baa6941ff14a');
INSERT INTO "collectionitem" VALUES ('6e881d34-b530-44c3-aa02-c64423748510', 'Some item title 635', '635', 'ec6a01ac-1658-4797-9846-2830cc117699');
INSERT INTO "collectionitem" VALUES ('7b9699b9-aa3c-4ac2-885a-6e9064d731a0', 'Some item title 636', '636', 'ec6a01ac-1658-4797-9846-2830cc117699');
INSERT INTO "collectionitem" VALUES ('e695e43b-3698-4ae0-90e3-053eddfd35d6', 'Some item title 637', '637', 'ec6a01ac-1658-4797-9846-2830cc117699');
INSERT INTO "collectionitem" VALUES ('8bd6c29a-c598-4149-9c84-832f6589056f', 'Some item title 638', '638', 'ec6a01ac-1658-4797-9846-2830cc117699');
INSERT INTO "collectionitem" VALUES ('e622156c-6f60-4da8-b766-4172f9481dce', 'Some item title 639', '639', 'ec6a01ac-1658-4797-9846-2830cc117699');
INSERT INTO "collectionitem" VALUES ('bea5216c-c00d-442d-bd77-bddf4e06b9cd', 'Some item title 640', '640', 'ec6a01ac-1658-4797-9846-2830cc117699');
INSERT INTO "collectionitem" VALUES ('6496381b-a965-4dc4-92ea-8f5483ed008a', 'Some item title 641', '641', 'ec6a01ac-1658-4797-9846-2830cc117699');
INSERT INTO "collectionitem" VALUES ('81aaac39-0ed3-4eb4-b23c-eaab742dbdf7', 'Some item title 642', '642', '0109b929-e511-4dea-83e2-f9b6aee9acf6');
INSERT INTO "collectionitem" VALUES ('f6fe70a8-34d0-4ec8-9c47-06e406e30eb9', 'Some item title 643', '643', '0109b929-e511-4dea-83e2-f9b6aee9acf6');
INSERT INTO "collectionitem" VALUES ('f16df169-8009-4a86-aba0-6dc7a0f3765b', 'Some item title 644', '644', '0109b929-e511-4dea-83e2-f9b6aee9acf6');
INSERT INTO "collectionitem" VALUES ('76c0b2bd-c8d9-464d-858b-4a7acb34f103', 'Some item title 645', '645', '0109b929-e511-4dea-83e2-f9b6aee9acf6');
INSERT INTO "collectionitem" VALUES ('596cd374-5461-47e8-915e-be1450e69d06', 'Some item title 646', '646', '0109b929-e511-4dea-83e2-f9b6aee9acf6');
INSERT INTO "collectionitem" VALUES ('632e98a4-d57d-4ab9-b493-d11b0696c12e', 'Some item title 647', '647', '0109b929-e511-4dea-83e2-f9b6aee9acf6');
INSERT INTO "collectionitem" VALUES ('104d189b-5372-420a-9b7b-3c3071bb535f', 'Some item title 648', '648', '0109b929-e511-4dea-83e2-f9b6aee9acf6');
INSERT INTO "collectionitem" VALUES ('0630a4b2-8548-459d-9dc4-51d03fd3b208', 'Some item title 649', '649', '0109b929-e511-4dea-83e2-f9b6aee9acf6');
INSERT INTO "collectionitem" VALUES ('dd2a5259-3132-47bb-b699-b747f0a33fca', 'Some item title 650', '650', '0109b929-e511-4dea-83e2-f9b6aee9acf6');
INSERT INTO "collectionitem" VALUES ('f5d8f8c0-3f2f-4305-a314-793392784b79', 'Some item title 651', '651', 'e1a5ea74-03a1-49a5-b392-46e558b56ca3');
INSERT INTO "collectionitem" VALUES ('f641c9d8-73b3-4b4f-9c46-9a37ca9d5bbc', 'Some item title 652', '652', 'e1a5ea74-03a1-49a5-b392-46e558b56ca3');
INSERT INTO "collectionitem" VALUES ('bde91c72-8de7-4d55-a313-7ba3dd396aeb', 'Some item title 653', '653', 'e1a5ea74-03a1-49a5-b392-46e558b56ca3');
INSERT INTO "collectionitem" VALUES ('93ff2c94-d45a-4183-8cf7-11b054dc53b9', 'Some item title 654', '654', 'e1a5ea74-03a1-49a5-b392-46e558b56ca3');
INSERT INTO "collectionitem" VALUES ('156c4d43-3ded-4994-a678-4e693dcddfd7', 'Some item title 655', '655', 'e1a5ea74-03a1-49a5-b392-46e558b56ca3');
INSERT INTO "collectionitem" VALUES ('dbf39706-2a66-4cc3-8ee1-56ee8e01fd88', 'Some item title 656', '656', 'e1a5ea74-03a1-49a5-b392-46e558b56ca3');
INSERT INTO "collectionitem" VALUES ('e21485e0-6481-4e24-b219-2e2a07ae19da', 'Some item title 657', '657', 'edd45286-fad2-4b8c-9f70-3d9ded8dc958');
INSERT INTO "collectionitem" VALUES ('4b074f59-0bc1-4d12-8ef4-f2125f328f93', 'Some item title 658', '658', 'edd45286-fad2-4b8c-9f70-3d9ded8dc958');
INSERT INTO "collectionitem" VALUES ('188b25b4-2150-4a76-9fbc-8834fbac9571', 'Some item title 659', '659', 'edd45286-fad2-4b8c-9f70-3d9ded8dc958');
INSERT INTO "collectionitem" VALUES ('9b5f3c23-f063-4eca-a77d-e3215ec54609', 'Some item title 660', '660', 'edd45286-fad2-4b8c-9f70-3d9ded8dc958');
INSERT INTO "collectionitem" VALUES ('cab56468-3f03-4a3e-b484-296bf4701ea0', 'Some item title 661', '661', 'edd45286-fad2-4b8c-9f70-3d9ded8dc958');
INSERT INTO "collectionitem" VALUES ('8a006441-b677-440f-acc8-9e28b4b14d21', 'Some item title 662', '662', 'b3f0ff0e-a12f-4133-b3f4-68c634c18e5d');
INSERT INTO "collectionitem" VALUES ('3734b0c3-f38c-4dd2-8ecb-237970d2a170', 'Some item title 663', '663', 'b3f0ff0e-a12f-4133-b3f4-68c634c18e5d');
INSERT INTO "collectionitem" VALUES ('65810e25-b246-40a0-b7b5-aed25c5bb312', 'Some item title 664', '664', 'b3f0ff0e-a12f-4133-b3f4-68c634c18e5d');
INSERT INTO "collectionitem" VALUES ('88f6be5f-3b0a-48e7-bbca-d96175949a32', 'Some item title 665', '665', '0cdb7188-20ad-42c7-ab99-90edebe8b3fe');
INSERT INTO "collectionitem" VALUES ('d6246f9a-8260-4758-a10d-099e9f090956', 'Some item title 666', '666', '0cdb7188-20ad-42c7-ab99-90edebe8b3fe');
INSERT INTO "collectionitem" VALUES ('f12d967b-8fb8-40bb-87d2-b67c7c44bf49', 'Some item title 667', '667', '0cdb7188-20ad-42c7-ab99-90edebe8b3fe');
INSERT INTO "collectionitem" VALUES ('dc427f81-fed6-4881-9333-fd0df1008fc3', 'Some item title 668', '668', '0cdb7188-20ad-42c7-ab99-90edebe8b3fe');
